id,Age
15000,8
15001,6
15002,6
15003,10
15004,10
15005,13
15006,10
15007,11
15008,14
15009,7
15010,6
15011,6
15012,9
15013,8
15014,11
15015,8
15016,11
15017,9
15018,11
15019,18
15020,9
15021,10
15022,11
15023,10
15024,7
15025,5
15026,8
15027,10
15028,4
15029,7
15030,10
15031,13
15032,5
15033,15
15034,10
15035,9
15036,9
15037,6
15038,15
15039,10
15040,14
15041,13
15042,10
15043,10
15044,12
15045,8
15046,9
15047,6
15048,13
15049,9
15050,12
15051,17
15052,11
15053,10
15054,6
15055,12
15056,9
15057,10
15058,10
15059,9
15060,9
15061,7
15062,10
15063,9
15064,8
15065,9
15066,13
15067,7
15068,17
15069,16
15070,9
15071,11
15072,10
15073,11
15074,10
15075,8
15076,10
15077,12
15078,11
15079,10
15080,5
15081,9
15082,11
15083,10
15084,9
15085,10
15086,12
15087,4
15088,6
15089,6
15090,13
15091,5
15092,6
15093,9
15094,10
15095,11
15096,5
15097,9
15098,6
15099,10
15100,4
15101,12
15102,11
15103,9
15104,12
15105,12
15106,9
15107,8
15108,12
15109,8
15110,12
15111,10
15112,7
15113,11
15114,6
15115,12
15116,9
15117,10
15118,9
15119,11
15120,6
15121,10
15122,8
15123,6
15124,10
15125,11
15126,10
15127,9
15128,10
15129,8
15130,9
15131,5
15132,7
15133,11
15134,10
15135,8
15136,10
15137,10
15138,13
15139,13
15140,7
15141,10
15142,17
15143,7
15144,6
15145,11
15146,10
15147,7
15148,9
15149,10
15150,10
15151,4
15152,13
15153,10
15154,9
15155,10
15156,8
15157,15
15158,10
15159,10
15160,7
15161,10
15162,9
15163,7
15164,11
15165,14
15166,11
15167,5
15168,16
15169,8
15170,11
15171,8
15172,10
15173,7
15174,10
15175,10
15176,9
15177,11
15178,8
15179,9
15180,9
15181,8
15182,10
15183,9
15184,6
15185,15
15186,10
15187,10
15188,12
15189,12
15190,4
15191,11
15192,8
15193,11
15194,13
15195,7
15196,14
15197,9
15198,13
15199,11
15200,9
15201,9
15202,16
15203,11
15204,10
15205,9
15206,14
15207,10
15208,15
15209,10
15210,10
15211,11
15212,13
15213,10
15214,10
15215,11
15216,9
15217,10
15218,11
15219,11
15220,15
15221,12
15222,9
15223,13
15224,8
15225,8
15226,7
15227,9
15228,4
15229,9
15230,12
15231,11
15232,10
15233,13
15234,13
15235,8
15236,10
15237,8
15238,14
15239,15
15240,13
15241,11
15242,11
15243,6
15244,12
15245,9
15246,8
15247,11
15248,9
15249,7
15250,9
15251,6
15252,5
15253,10
15254,11
15255,9
15256,9
15257,11
15258,12
15259,6
15260,10
15261,8
15262,9
15263,9
15264,4
15265,11
15266,11
15267,9
15268,10
15269,10
15270,10
15271,6
15272,7
15273,10
15274,5
15275,10
15276,9
15277,8
15278,10
15279,9
15280,14
15281,5
15282,12
15283,7
15284,10
15285,11
15286,11
15287,8
15288,15
15289,12
15290,8
15291,8
15292,10
15293,6
15294,12
15295,6
15296,10
15297,10
15298,8
15299,14
15300,7
15301,15
15302,11
15303,11
15304,11
15305,10
15306,10
15307,15
15308,16
15309,10
15310,8
15311,9
15312,10
15313,7
15314,9
15315,10
15316,13
15317,9
15318,9
15319,10
15320,10
15321,12
15322,5
15323,9
15324,7
15325,9
15326,15
15327,11
15328,7
15329,9
15330,11
15331,10
15332,7
15333,9
15334,6
15335,6
15336,10
15337,6
15338,10
15339,11
15340,10
15341,11
15342,8
15343,11
15344,7
15345,10
15346,9
15347,9
15348,8
15349,8
15350,8
15351,11
15352,9
15353,12
15354,7
15355,9
15356,9
15357,11
15358,10
15359,9
15360,12
15361,6
15362,15
15363,10
15364,9
15365,11
15366,8
15367,10
15368,11
15369,12
15370,12
15371,14
15372,9
15373,10
15374,11
15375,9
15376,6
15377,8
15378,7
15379,9
15380,7
15381,10
15382,8
15383,8
15384,7
15385,14
15386,9
15387,10
15388,11
15389,11
15390,7
15391,10
15392,11
15393,14
15394,12
15395,7
15396,10
15397,7
15398,6
15399,6
15400,10
15401,15
15402,9
15403,11
15404,6
15405,9
15406,12
15407,10
15408,11
15409,7
15410,10
15411,10
15412,10
15413,7
15414,9
15415,10
15416,6
15417,6
15418,9
15419,9
15420,7
15421,5
15422,12
15423,10
15424,14
15425,6
15426,10
15427,8
15428,13
15429,6
15430,9
15431,11
15432,4
15433,10
15434,7
15435,10
15436,8
15437,15
15438,6
15439,12
15440,11
15441,10
15442,10
15443,10
15444,10
15445,8
15446,8
15447,8
15448,10
15449,11
15450,13
15451,10
15452,13
15453,13
15454,14
15455,12
15456,9
15457,9
15458,11
15459,11
15460,9
15461,13
15462,11
15463,10
15464,7
15465,11
15466,4
15467,10
15468,4
15469,7
15470,11
15471,10
15472,10
15473,13
15474,11
15475,15
15476,10
15477,7
15478,11
15479,10
15480,14
15481,9
15482,9
15483,11
15484,15
15485,9
15486,17
15487,13
15488,11
15489,10
15490,7
15491,10
15492,11
15493,14
15494,10
15495,13
15496,11
15497,7
15498,8
15499,9
15500,11
15501,7
15502,7
15503,12
15504,10
15505,15
15506,11
15507,9
15508,8
15509,10
15510,9
15511,10
15512,7
15513,10
15514,11
15515,12
15516,6
15517,6
15518,6
15519,11
15520,13
15521,11
15522,10
15523,10
15524,11
15525,10
15526,7
15527,11
15528,10
15529,17
15530,11
15531,10
15532,10
15533,10
15534,6
15535,10
15536,6
15537,7
15538,9
15539,6
15540,13
15541,9
15542,5
15543,11
15544,12
15545,14
15546,10
15547,9
15548,14
15549,10
15550,12
15551,13
15552,10
15553,10
15554,9
15555,14
15556,17
15557,8
15558,11
15559,8
15560,9
15561,11
15562,9
15563,19
15564,11
15565,7
15566,5
15567,13
15568,12
15569,12
15570,10
15571,11
15572,11
15573,10
15574,12
15575,6
15576,10
15577,11
15578,6
15579,7
15580,7
15581,9
15582,9
15583,11
15584,10
15585,9
15586,11
15587,8
15588,11
15589,8
15590,7
15591,6
15592,5
15593,14
15594,12
15595,11
15596,10
15597,11
15598,10
15599,10
15600,10
15601,5
15602,11
15603,8
15604,8
15605,10
15606,10
15607,9
15608,8
15609,10
15610,10
15611,10
15612,11
15613,11
15614,11
15615,4
15616,11
15617,10
15618,8
15619,5
15620,12
15621,9
15622,10
15623,8
15624,11
15625,7
15626,10
15627,8
15628,9
15629,12
15630,10
15631,4
15632,11
15633,9
15634,11
15635,10
15636,6
15637,9
15638,9
15639,12
15640,5
15641,9
15642,12
15643,9
15644,11
15645,6
15646,11
15647,10
15648,15
15649,10
15650,11
15651,11
15652,15
15653,9
15654,10
15655,11
15656,7
15657,11
15658,8
15659,4
15660,9
15661,10
15662,8
15663,9
15664,11
15665,4
15666,5
15667,5
15668,9
15669,14
15670,9
15671,10
15672,10
15673,9
15674,12
15675,9
15676,14
15677,15
15678,8
15679,7
15680,13
15681,8
15682,10
15683,12
15684,7
15685,13
15686,9
15687,10
15688,10
15689,11
15690,12
15691,9
15692,6
15693,14
15694,11
15695,6
15696,9
15697,11
15698,7
15699,11
15700,7
15701,9
15702,10
15703,8
15704,11
15705,8
15706,10
15707,11
15708,7
15709,6
15710,5
15711,11
15712,7
15713,10
15714,12
15715,14
15716,10
15717,10
15718,14
15719,7
15720,7
15721,11
15722,11
15723,10
15724,9
15725,12
15726,11
15727,10
15728,11
15729,10
15730,5
15731,11
15732,7
15733,10
15734,11
15735,11
15736,13
15737,8
15738,11
15739,6
15740,10
15741,7
15742,9
15743,14
15744,13
15745,14
15746,8
15747,10
15748,9
15749,17
15750,5
15751,10
15752,9
15753,6
15754,9
15755,9
15756,11
15757,12
15758,5
15759,6
15760,10
15761,7
15762,16
15763,14
15764,10
15765,10
15766,7
15767,12
15768,14
15769,6
15770,11
15771,13
15772,7
15773,11
15774,6
15775,10
15776,13
15777,8
15778,12
15779,10
15780,12
15781,12
15782,11
15783,7
15784,7
15785,14
15786,10
15787,15
15788,7
15789,13
15790,10
15791,10
15792,5
15793,12
15794,5
15795,6
15796,14
15797,11
15798,11
15799,15
15800,11
15801,9
15802,8
15803,11
15804,10
15805,7
15806,7
15807,9
15808,10
15809,15
15810,11
15811,10
15812,5
15813,13
15814,12
15815,9
15816,10
15817,9
15818,6
15819,7
15820,4
15821,13
15822,6
15823,6
15824,11
15825,12
15826,7
15827,13
15828,13
15829,9
15830,10
15831,11
15832,10
15833,7
15834,15
15835,11
15836,9
15837,10
15838,10
15839,6
15840,15
15841,6
15842,14
15843,4
15844,14
15845,9
15846,13
15847,10
15848,10
15849,7
15850,7
15851,10
15852,7
15853,8
15854,6
15855,9
15856,7
15857,11
15858,8
15859,14
15860,12
15861,12
15862,10
15863,11
15864,11
15865,8
15866,10
15867,7
15868,9
15869,11
15870,9
15871,9
15872,9
15873,6
15874,8
15875,7
15876,13
15877,6
15878,11
15879,11
15880,11
15881,9
15882,7
15883,14
15884,7
15885,5
15886,13
15887,12
15888,8
15889,5
15890,12
15891,7
15892,9
15893,10
15894,11
15895,8
15896,11
15897,4
15898,11
15899,15
15900,10
15901,9
15902,12
15903,6
15904,10
15905,6
15906,6
15907,9
15908,6
15909,10
15910,10
15911,11
15912,10
15913,11
15914,9
15915,10
15916,11
15917,7
15918,11
15919,8
15920,9
15921,8
15922,18
15923,9
15924,11
15925,6
15926,6
15927,13
15928,10
15929,10
15930,7
15931,5
15932,10
15933,10
15934,11
15935,15
15936,11
15937,10
15938,8
15939,11
15940,10
15941,10
15942,7
15943,13
15944,9
15945,7
15946,11
15947,11
15948,7
15949,6
15950,12
15951,6
15952,12
15953,13
15954,14
15955,7
15956,11
15957,9
15958,12
15959,11
15960,7
15961,7
15962,6
15963,4
15964,7
15965,7
15966,10
15967,9
15968,10
15969,9
15970,10
15971,11
15972,8
15973,9
15974,10
15975,7
15976,10
15977,11
15978,8
15979,9
15980,7
15981,9
15982,7
15983,9
15984,14
15985,4
15986,6
15987,11
15988,11
15989,9
15990,7
15991,11
15992,4
15993,10
15994,11
15995,12
15996,7
15997,13
15998,8
15999,9
16000,7
16001,10
16002,12
16003,10
16004,8
16005,15
16006,9
16007,5
16008,16
16009,10
16010,15
16011,9
16012,8
16013,11
16014,7
16015,10
16016,10
16017,9
16018,12
16019,11
16020,15
16021,12
16022,13
16023,7
16024,10
16025,9
16026,9
16027,4
16028,10
16029,8
16030,9
16031,5
16032,9
16033,13
16034,9
16035,7
16036,10
16037,9
16038,12
16039,11
16040,5
16041,11
16042,11
16043,8
16044,10
16045,12
16046,11
16047,8
16048,12
16049,9
16050,11
16051,12
16052,12
16053,10
16054,10
16055,12
16056,11
16057,6
16058,11
16059,10
16060,8
16061,17
16062,10
16063,11
16064,7
16065,11
16066,7
16067,6
16068,8
16069,10
16070,7
16071,9
16072,13
16073,16
16074,7
16075,10
16076,11
16077,11
16078,10
16079,5
16080,15
16081,11
16082,4
16083,10
16084,17
16085,12
16086,11
16087,4
16088,9
16089,9
16090,9
16091,13
16092,8
16093,11
16094,16
16095,6
16096,7
16097,10
16098,13
16099,11
16100,10
16101,12
16102,9
16103,7
16104,7
16105,9
16106,9
16107,11
16108,6
16109,9
16110,10
16111,12
16112,13
16113,4
16114,10
16115,11
16116,9
16117,11
16118,11
16119,7
16120,10
16121,9
16122,13
16123,10
16124,7
16125,9
16126,12
16127,14
16128,10
16129,5
16130,11
16131,10
16132,10
16133,5
16134,9
16135,11
16136,6
16137,17
16138,8
16139,13
16140,11
16141,9
16142,9
16143,10
16144,11
16145,10
16146,11
16147,8
16148,11
16149,6
16150,12
16151,13
16152,13
16153,12
16154,8
16155,10
16156,10
16157,7
16158,12
16159,11
16160,4
16161,11
16162,13
16163,7
16164,8
16165,12
16166,6
16167,6
16168,9
16169,11
16170,12
16171,8
16172,9
16173,11
16174,8
16175,9
16176,13
16177,8
16178,7
16179,11
16180,11
16181,4
16182,7
16183,8
16184,16
16185,9
16186,11
16187,9
16188,9
16189,7
16190,10
16191,13
16192,12
16193,10
16194,11
16195,10
16196,14
16197,13
16198,7
16199,4
16200,8
16201,6
16202,9
16203,10
16204,7
16205,10
16206,11
16207,5
16208,14
16209,9
16210,10
16211,7
16212,9
16213,4
16214,4
16215,9
16216,9
16217,11
16218,11
16219,11
16220,10
16221,9
16222,5
16223,10
16224,9
16225,9
16226,8
16227,10
16228,7
16229,11
16230,9
16231,7
16232,10
16233,9
16234,9
16235,9
16236,13
16237,7
16238,6
16239,4
16240,10
16241,5
16242,5
16243,9
16244,5
16245,6
16246,7
16247,5
16248,9
16249,10
16250,5
16251,9
16252,11
16253,11
16254,6
16255,9
16256,10
16257,11
16258,6
16259,10
16260,11
16261,11
16262,7
16263,11
16264,7
16265,15
16266,9
16267,10
16268,12
16269,7
16270,9
16271,6
16272,15
16273,14
16274,10
16275,11
16276,4
16277,13
16278,7
16279,11
16280,8
16281,10
16282,7
16283,4
16284,7
16285,6
16286,10
16287,11
16288,16
16289,12
16290,12
16291,6
16292,11
16293,9
16294,10
16295,9
16296,11
16297,9
16298,16
16299,6
16300,9
16301,9
16302,12
16303,10
16304,10
16305,8
16306,7
16307,9
16308,9
16309,6
16310,9
16311,10
16312,12
16313,16
16314,11
16315,9
16316,11
16317,8
16318,11
16319,10
16320,9
16321,9
16322,7
16323,7
16324,11
16325,9
16326,13
16327,15
16328,10
16329,8
16330,16
16331,11
16332,14
16333,6
16334,11
16335,10
16336,10
16337,6
16338,14
16339,11
16340,6
16341,6
16342,7
16343,10
16344,10
16345,7
16346,11
16347,12
16348,12
16349,5
16350,15
16351,7
16352,7
16353,7
16354,12
16355,8
16356,6
16357,10
16358,10
16359,11
16360,9
16361,7
16362,9
16363,7
16364,6
16365,10
16366,7
16367,11
16368,14
16369,8
16370,10
16371,11
16372,15
16373,9
16374,6
16375,10
16376,11
16377,8
16378,8
16379,11
16380,11
16381,4
16382,6
16383,10
16384,11
16385,8
16386,11
16387,10
16388,6
16389,10
16390,8
16391,9
16392,15
16393,9
16394,6
16395,8
16396,7
16397,10
16398,11
16399,8
16400,9
16401,8
16402,8
16403,11
16404,11
16405,10
16406,12
16407,10
16408,5
16409,12
16410,12
16411,10
16412,11
16413,11
16414,11
16415,17
16416,6
16417,7
16418,9
16419,7
16420,9
16421,11
16422,10
16423,11
16424,6
16425,16
16426,6
16427,9
16428,10
16429,9
16430,8
16431,15
16432,14
16433,8
16434,6
16435,10
16436,7
16437,13
16438,14
16439,10
16440,4
16441,9
16442,7
16443,10
16444,11
16445,7
16446,12
16447,10
16448,17
16449,8
16450,11
16451,5
16452,10
16453,7
16454,8
16455,11
16456,7
16457,12
16458,10
16459,8
16460,10
16461,8
16462,9
16463,9
16464,11
16465,10
16466,14
16467,10
16468,6
16469,9
16470,12
16471,5
16472,6
16473,7
16474,5
16475,10
16476,11
16477,8
16478,9
16479,10
16480,9
16481,12
16482,9
16483,9
16484,6
16485,11
16486,11
16487,6
16488,7
16489,10
16490,18
16491,13
16492,11
16493,10
16494,7
16495,7
16496,13
16497,7
16498,10
16499,6
16500,6
16501,10
16502,7
16503,7
16504,18
16505,8
16506,7
16507,10
16508,6
16509,10
16510,7
16511,9
16512,7
16513,10
16514,8
16515,12
16516,6
16517,5
16518,10
16519,12
16520,14
16521,7
16522,8
16523,10
16524,8
16525,10
16526,7
16527,10
16528,10
16529,9
16530,7
16531,11
16532,10
16533,14
16534,5
16535,12
16536,8
16537,8
16538,8
16539,12
16540,10
16541,10
16542,10
16543,6
16544,8
16545,7
16546,11
16547,6
16548,10
16549,5
16550,7
16551,16
16552,11
16553,10
16554,18
16555,8
16556,10
16557,11
16558,12
16559,12
16560,9
16561,7
16562,10
16563,11
16564,15
16565,12
16566,9
16567,15
16568,7
16569,12
16570,9
16571,11
16572,10
16573,12
16574,10
16575,7
16576,9
16577,11
16578,6
16579,10
16580,8
16581,6
16582,11
16583,7
16584,8
16585,7
16586,11
16587,8
16588,8
16589,10
16590,14
16591,9
16592,12
16593,7
16594,11
16595,9
16596,11
16597,8
16598,11
16599,9
16600,11
16601,10
16602,7
16603,9
16604,10
16605,11
16606,9
16607,7
16608,11
16609,9
16610,6
16611,10
16612,4
16613,11
16614,6
16615,11
16616,15
16617,7
16618,10
16619,13
16620,10
16621,10
16622,7
16623,9
16624,9
16625,16
16626,7
16627,13
16628,9
16629,12
16630,9
16631,9
16632,13
16633,9
16634,10
16635,8
16636,7
16637,10
16638,8
16639,9
16640,16
16641,11
16642,7
16643,5
16644,6
16645,10
16646,8
16647,7
16648,10
16649,12
16650,10
16651,6
16652,11
16653,9
16654,5
16655,10
16656,11
16657,10
16658,11
16659,9
16660,10
16661,7
16662,12
16663,10
16664,9
16665,10
16666,6
16667,12
16668,10
16669,9
16670,6
16671,14
16672,11
16673,10
16674,12
16675,9
16676,11
16677,9
16678,13
16679,9
16680,9
16681,7
16682,10
16683,8
16684,10
16685,11
16686,12
16687,8
16688,11
16689,8
16690,10
16691,10
16692,11
16693,9
16694,11
16695,11
16696,6
16697,9
16698,6
16699,12
16700,11
16701,10
16702,11
16703,5
16704,10
16705,11
16706,10
16707,9
16708,9
16709,7
16710,10
16711,11
16712,14
16713,11
16714,10
16715,6
16716,6
16717,11
16718,9
16719,7
16720,5
16721,5
16722,6
16723,10
16724,11
16725,12
16726,9
16727,12
16728,10
16729,9
16730,11
16731,7
16732,16
16733,7
16734,13
16735,11
16736,9
16737,17
16738,5
16739,7
16740,13
16741,8
16742,7
16743,6
16744,12
16745,17
16746,10
16747,6
16748,9
16749,10
16750,12
16751,11
16752,11
16753,17
16754,7
16755,16
16756,9
16757,11
16758,9
16759,10
16760,7
16761,13
16762,10
16763,8
16764,11
16765,10
16766,11
16767,15
16768,4
16769,6
16770,12
16771,11
16772,12
16773,14
16774,12
16775,11
16776,8
16777,5
16778,10
16779,11
16780,13
16781,7
16782,4
16783,13
16784,12
16785,5
16786,5
16787,7
16788,13
16789,6
16790,8
16791,6
16792,6
16793,9
16794,14
16795,11
16796,11
16797,15
16798,9
16799,10
16800,7
16801,10
16802,10
16803,11
16804,7
16805,9
16806,8
16807,10
16808,10
16809,9
16810,10
16811,7
16812,7
16813,6
16814,5
16815,12
16816,6
16817,10
16818,16
16819,15
16820,7
16821,9
16822,9
16823,9
16824,16
16825,12
16826,9
16827,11
16828,11
16829,7
16830,9
16831,11
16832,11
16833,17
16834,10
16835,6
16836,8
16837,14
16838,11
16839,15
16840,11
16841,5
16842,8
16843,7
16844,7
16845,12
16846,11
16847,14
16848,7
16849,11
16850,8
16851,9
16852,5
16853,11
16854,7
16855,6
16856,12
16857,11
16858,8
16859,7
16860,10
16861,9
16862,8
16863,7
16864,14
16865,9
16866,7
16867,9
16868,11
16869,11
16870,14
16871,12
16872,11
16873,9
16874,15
16875,9
16876,7
16877,10
16878,7
16879,13
16880,10
16881,11
16882,5
16883,14
16884,8
16885,7
16886,12
16887,10
16888,7
16889,9
16890,6
16891,11
16892,10
16893,8
16894,8
16895,10
16896,8
16897,10
16898,14
16899,8
16900,12
16901,10
16902,13
16903,11
16904,11
16905,7
16906,14
16907,9
16908,10
16909,8
16910,6
16911,13
16912,7
16913,9
16914,12
16915,11
16916,8
16917,7
16918,5
16919,12
16920,13
16921,5
16922,8
16923,8
16924,6
16925,15
16926,10
16927,14
16928,6
16929,9
16930,5
16931,6
16932,11
16933,5
16934,4
16935,10
16936,9
16937,11
16938,5
16939,10
16940,8
16941,7
16942,9
16943,7
16944,9
16945,12
16946,10
16947,9
16948,11
16949,10
16950,9
16951,10
16952,9
16953,12
16954,9
16955,8
16956,9
16957,11
16958,8
16959,11
16960,11
16961,11
16962,4
16963,10
16964,8
16965,11
16966,11
16967,9
16968,7
16969,10
16970,6
16971,10
16972,10
16973,10
16974,9
16975,10
16976,10
16977,9
16978,7
16979,12
16980,9
16981,6
16982,14
16983,9
16984,12
16985,10
16986,10
16987,7
16988,10
16989,11
16990,8
16991,11
16992,9
16993,9
16994,9
16995,15
16996,8
16997,12
16998,11
16999,9
17000,11
17001,13
17002,10
17003,4
17004,7
17005,15
17006,9
17007,11
17008,7
17009,10
17010,11
17011,5
17012,12
17013,12
17014,13
17015,7
17016,8
17017,10
17018,10
17019,16
17020,10
17021,13
17022,6
17023,10
17024,7
17025,8
17026,12
17027,10
17028,6
17029,12
17030,10
17031,7
17032,6
17033,10
17034,9
17035,6
17036,7
17037,10
17038,10
17039,14
17040,10
17041,12
17042,10
17043,6
17044,7
17045,10
17046,11
17047,9
17048,14
17049,10
17050,10
17051,8
17052,6
17053,10
17054,11
17055,9
17056,7
17057,8
17058,6
17059,9
17060,4
17061,5
17062,9
17063,13
17064,12
17065,11
17066,7
17067,8
17068,8
17069,10
17070,10
17071,12
17072,13
17073,10
17074,14
17075,11
17076,10
17077,9
17078,7
17079,13
17080,10
17081,6
17082,10
17083,9
17084,11
17085,9
17086,10
17087,12
17088,9
17089,8
17090,8
17091,9
17092,9
17093,10
17094,9
17095,10
17096,10
17097,5
17098,11
17099,11
17100,14
17101,7
17102,6
17103,10
17104,9
17105,9
17106,10
17107,12
17108,10
17109,7
17110,13
17111,9
17112,11
17113,15
17114,10
17115,13
17116,6
17117,9
17118,11
17119,8
17120,10
17121,7
17122,9
17123,10
17124,9
17125,6
17126,10
17127,11
17128,11
17129,11
17130,6
17131,10
17132,12
17133,11
17134,11
17135,7
17136,12
17137,9
17138,11
17139,11
17140,10
17141,9
17142,15
17143,9
17144,10
17145,11
17146,14
17147,8
17148,10
17149,5
17150,6
17151,9
17152,11
17153,9
17154,9
17155,10
17156,12
17157,9
17158,11
17159,6
17160,7
17161,9
17162,15
17163,11
17164,12
17165,11
17166,8
17167,7
17168,8
17169,10
17170,9
17171,13
17172,13
17173,8
17174,14
17175,8
17176,6
17177,11
17178,5
17179,4
17180,7
17181,5
17182,6
17183,8
17184,15
17185,11
17186,9
17187,9
17188,10
17189,10
17190,8
17191,8
17192,11
17193,10
17194,12
17195,10
17196,11
17197,9
17198,12
17199,6
17200,10
17201,8
17202,14
17203,11
17204,7
17205,10
17206,12
17207,12
17208,10
17209,6
17210,11
17211,11
17212,13
17213,7
17214,11
17215,9
17216,10
17217,9
17218,8
17219,10
17220,10
17221,10
17222,10
17223,10
17224,13
17225,10
17226,12
17227,9
17228,7
17229,8
17230,6
17231,10
17232,9
17233,14
17234,8
17235,7
17236,8
17237,7
17238,9
17239,10
17240,9
17241,6
17242,9
17243,7
17244,10
17245,7
17246,9
17247,9
17248,6
17249,11
17250,10
17251,8
17252,6
17253,12
17254,10
17255,11
17256,7
17257,9
17258,11
17259,6
17260,9
17261,11
17262,11
17263,10
17264,14
17265,14
17266,9
17267,12
17268,13
17269,10
17270,11
17271,12
17272,12
17273,9
17274,9
17275,13
17276,9
17277,11
17278,8
17279,14
17280,6
17281,12
17282,8
17283,10
17284,11
17285,7
17286,12
17287,11
17288,9
17289,12
17290,11
17291,10
17292,12
17293,7
17294,10
17295,5
17296,12
17297,11
17298,10
17299,14
17300,9
17301,9
17302,8
17303,9
17304,11
17305,13
17306,12
17307,9
17308,11
17309,8
17310,10
17311,8
17312,7
17313,10
17314,10
17315,6
17316,11
17317,9
17318,9
17319,7
17320,12
17321,10
17322,14
17323,9
17324,16
17325,5
17326,14
17327,14
17328,11
17329,7
17330,8
17331,13
17332,10
17333,10
17334,10
17335,8
17336,12
17337,9
17338,9
17339,6
17340,10
17341,8
17342,11
17343,9
17344,10
17345,13
17346,4
17347,7
17348,14
17349,11
17350,9
17351,11
17352,10
17353,10
17354,8
17355,11
17356,7
17357,7
17358,8
17359,12
17360,11
17361,10
17362,8
17363,13
17364,8
17365,13
17366,10
17367,11
17368,15
17369,10
17370,7
17371,10
17372,8
17373,11
17374,11
17375,10
17376,7
17377,10
17378,8
17379,8
17380,7
17381,11
17382,8
17383,9
17384,15
17385,7
17386,7
17387,10
17388,12
17389,12
17390,7
17391,9
17392,14
17393,8
17394,10
17395,10
17396,13
17397,8
17398,9
17399,15
17400,10
17401,10
17402,13
17403,12
17404,10
17405,8
17406,9
17407,6
17408,9
17409,7
17410,10
17411,8
17412,7
17413,16
17414,9
17415,7
17416,9
17417,10
17418,7
17419,11
17420,7
17421,9
17422,8
17423,9
17424,10
17425,12
17426,9
17427,6
17428,10
17429,8
17430,13
17431,10
17432,7
17433,10
17434,7
17435,11
17436,12
17437,11
17438,7
17439,11
17440,10
17441,11
17442,7
17443,11
17444,10
17445,8
17446,15
17447,7
17448,7
17449,7
17450,16
17451,9
17452,6
17453,17
17454,6
17455,8
17456,10
17457,10
17458,8
17459,14
17460,7
17461,10
17462,15
17463,9
17464,8
17465,11
17466,4
17467,12
17468,9
17469,12
17470,12
17471,10
17472,9
17473,11
17474,10
17475,8
17476,8
17477,10
17478,6
17479,7
17480,11
17481,11
17482,10
17483,11
17484,7
17485,10
17486,10
17487,10
17488,11
17489,8
17490,8
17491,11
17492,12
17493,15
17494,16
17495,12
17496,10
17497,13
17498,12
17499,9
17500,9
17501,8
17502,9
17503,9
17504,7
17505,6
17506,10
17507,7
17508,11
17509,7
17510,10
17511,8
17512,7
17513,10
17514,10
17515,8
17516,12
17517,8
17518,10
17519,9
17520,7
17521,6
17522,7
17523,5
17524,17
17525,10
17526,12
17527,10
17528,9
17529,9
17530,11
17531,14
17532,9
17533,10
17534,10
17535,11
17536,10
17537,11
17538,9
17539,14
17540,11
17541,8
17542,14
17543,12
17544,7
17545,7
17546,10
17547,10
17548,8
17549,10
17550,10
17551,9
17552,9
17553,10
17554,6
17555,8
17556,9
17557,11
17558,8
17559,10
17560,9
17561,10
17562,10
17563,11
17564,7
17565,11
17566,11
17567,7
17568,11
17569,6
17570,10
17571,9
17572,8
17573,14
17574,10
17575,17
17576,9
17577,10
17578,13
17579,11
17580,9
17581,6
17582,9
17583,11
17584,8
17585,10
17586,16
17587,11
17588,8
17589,9
17590,9
17591,8
17592,10
17593,10
17594,11
17595,7
17596,12
17597,11
17598,9
17599,12
17600,9
17601,7
17602,10
17603,6
17604,9
17605,11
17606,10
17607,5
17608,12
17609,11
17610,11
17611,8
17612,16
17613,10
17614,11
17615,10
17616,9
17617,12
17618,10
17619,5
17620,10
17621,10
17622,14
17623,5
17624,9
17625,13
17626,17
17627,10
17628,9
17629,10
17630,10
17631,10
17632,6
17633,7
17634,8
17635,11
17636,7
17637,10
17638,10
17639,13
17640,9
17641,9
17642,10
17643,9
17644,7
17645,11
17646,12
17647,6
17648,4
17649,8
17650,11
17651,9
17652,16
17653,10
17654,7
17655,9
17656,10
17657,6
17658,7
17659,9
17660,13
17661,13
17662,8
17663,6
17664,8
17665,15
17666,9
17667,10
17668,9
17669,10
17670,9
17671,10
17672,12
17673,11
17674,13
17675,5
17676,11
17677,6
17678,11
17679,6
17680,10
17681,15
17682,10
17683,8
17684,10
17685,8
17686,5
17687,5
17688,15
17689,11
17690,8
17691,10
17692,8
17693,9
17694,11
17695,8
17696,14
17697,10
17698,10
17699,6
17700,6
17701,13
17702,9
17703,11
17704,11
17705,10
17706,9
17707,10
17708,12
17709,7
17710,10
17711,10
17712,11
17713,10
17714,6
17715,11
17716,12
17717,10
17718,11
17719,6
17720,11
17721,7
17722,9
17723,11
17724,7
17725,11
17726,10
17727,5
17728,13
17729,7
17730,12
17731,13
17732,9
17733,13
17734,12
17735,10
17736,10
17737,9
17738,6
17739,14
17740,14
17741,13
17742,11
17743,10
17744,11
17745,9
17746,12
17747,10
17748,6
17749,9
17750,9
17751,8
17752,11
17753,11
17754,9
17755,5
17756,18
17757,11
17758,7
17759,12
17760,11
17761,10
17762,12
17763,15
17764,9
17765,12
17766,7
17767,10
17768,12
17769,10
17770,11
17771,10
17772,13
17773,10
17774,14
17775,10
17776,9
17777,6
17778,11
17779,11
17780,6
17781,15
17782,10
17783,8
17784,10
17785,13
17786,11
17787,8
17788,10
17789,10
17790,7
17791,9
17792,5
17793,14
17794,6
17795,8
17796,10
17797,10
17798,7
17799,11
17800,10
17801,7
17802,6
17803,9
17804,8
17805,9
17806,8
17807,10
17808,13
17809,9
17810,8
17811,7
17812,8
17813,5
17814,13
17815,10
17816,13
17817,9
17818,11
17819,7
17820,11
17821,8
17822,9
17823,10
17824,11
17825,9
17826,10
17827,10
17828,6
17829,9
17830,10
17831,11
17832,9
17833,10
17834,11
17835,7
17836,11
17837,12
17838,9
17839,10
17840,10
17841,11
17842,9
17843,14
17844,7
17845,8
17846,5
17847,8
17848,11
17849,11
17850,14
17851,11
17852,7
17853,9
17854,9
17855,10
17856,5
17857,10
17858,9
17859,13
17860,9
17861,7
17862,7
17863,7
17864,10
17865,13
17866,10
17867,10
17868,10
17869,10
17870,10
17871,10
17872,9
17873,10
17874,9
17875,15
17876,6
17877,7
17878,6
17879,9
17880,12
17881,14
17882,16
17883,9
17884,10
17885,6
17886,11
17887,8
17888,6
17889,11
17890,14
17891,7
17892,9
17893,14
17894,7
17895,16
17896,10
17897,6
17898,10
17899,10
17900,11
17901,11
17902,10
17903,11
17904,10
17905,9
17906,6
17907,11
17908,7
17909,11
17910,9
17911,7
17912,16
17913,7
17914,12
17915,12
17916,9
17917,10
17918,8
17919,11
17920,5
17921,8
17922,8
17923,8
17924,6
17925,7
17926,10
17927,11
17928,9
17929,6
17930,11
17931,11
17932,7
17933,7
17934,9
17935,11
17936,14
17937,10
17938,12
17939,10
17940,14
17941,14
17942,9
17943,9
17944,10
17945,7
17946,9
17947,6
17948,10
17949,11
17950,9
17951,10
17952,11
17953,11
17954,11
17955,10
17956,14
17957,5
17958,11
17959,10
17960,10
17961,9
17962,12
17963,4
17964,7
17965,10
17966,10
17967,10
17968,8
17969,11
17970,9
17971,9
17972,6
17973,8
17974,8
17975,9
17976,5
17977,17
17978,11
17979,8
17980,8
17981,6
17982,10
17983,11
17984,10
17985,7
17986,10
17987,17
17988,10
17989,8
17990,16
17991,15
17992,12
17993,8
17994,4
17995,11
17996,7
17997,10
17998,12
17999,7
18000,11
18001,11
18002,10
18003,11
18004,9
18005,9
18006,11
18007,9
18008,7
18009,9
18010,7
18011,8
18012,12
18013,8
18014,11
18015,11
18016,9
18017,11
18018,15
18019,10
18020,10
18021,4
18022,10
18023,10
18024,12
18025,6
18026,9
18027,10
18028,12
18029,11
18030,7
18031,11
18032,7
18033,7
18034,7
18035,9
18036,8
18037,10
18038,10
18039,10
18040,13
18041,11
18042,9
18043,9
18044,10
18045,9
18046,12
18047,13
18048,12
18049,13
18050,10
18051,10
18052,10
18053,6
18054,11
18055,11
18056,9
18057,9
18058,11
18059,10
18060,7
18061,9
18062,13
18063,10
18064,10
18065,4
18066,10
18067,11
18068,11
18069,15
18070,15
18071,13
18072,11
18073,9
18074,10
18075,7
18076,10
18077,8
18078,9
18079,8
18080,11
18081,9
18082,9
18083,10
18084,7
18085,10
18086,11
18087,11
18088,12
18089,12
18090,7
18091,9
18092,10
18093,10
18094,10
18095,7
18096,15
18097,11
18098,9
18099,7
18100,12
18101,11
18102,10
18103,11
18104,5
18105,8
18106,10
18107,9
18108,10
18109,10
18110,10
18111,7
18112,12
18113,15
18114,16
18115,10
18116,8
18117,6
18118,8
18119,10
18120,10
18121,6
18122,12
18123,16
18124,10
18125,4
18126,11
18127,6
18128,12
18129,11
18130,4
18131,5
18132,13
18133,13
18134,10
18135,10
18136,10
18137,9
18138,10
18139,15
18140,7
18141,10
18142,10
18143,7
18144,11
18145,9
18146,9
18147,9
18148,12
18149,6
18150,13
18151,8
18152,11
18153,6
18154,8
18155,6
18156,9
18157,4
18158,10
18159,10
18160,9
18161,10
18162,10
18163,4
18164,10
18165,11
18166,10
18167,10
18168,9
18169,8
18170,8
18171,11
18172,11
18173,8
18174,14
18175,5
18176,11
18177,10
18178,10
18179,9
18180,8
18181,9
18182,11
18183,11
18184,9
18185,9
18186,13
18187,14
18188,10
18189,9
18190,11
18191,10
18192,8
18193,9
18194,11
18195,11
18196,10
18197,7
18198,9
18199,9
18200,10
18201,10
18202,9
18203,11
18204,6
18205,9
18206,8
18207,12
18208,8
18209,7
18210,10
18211,15
18212,9
18213,12
18214,11
18215,12
18216,9
18217,12
18218,11
18219,12
18220,11
18221,4
18222,10
18223,14
18224,10
18225,11
18226,10
18227,11
18228,10
18229,12
18230,15
18231,9
18232,11
18233,4
18234,8
18235,8
18236,9
18237,16
18238,4
18239,10
18240,8
18241,10
18242,7
18243,15
18244,7
18245,9
18246,7
18247,8
18248,10
18249,11
18250,9
18251,8
18252,9
18253,9
18254,13
18255,10
18256,10
18257,10
18258,10
18259,9
18260,10
18261,10
18262,6
18263,10
18264,10
18265,9
18266,18
18267,12
18268,6
18269,17
18270,9
18271,11
18272,11
18273,7
18274,16
18275,9
18276,8
18277,10
18278,9
18279,6
18280,10
18281,9
18282,10
18283,14
18284,9
18285,6
18286,12
18287,9
18288,5
18289,8
18290,10
18291,13
18292,9
18293,10
18294,7
18295,11
18296,9
18297,8
18298,7
18299,8
18300,7
18301,7
18302,10
18303,10
18304,10
18305,14
18306,5
18307,5
18308,9
18309,11
18310,10
18311,12
18312,6
18313,10
18314,11
18315,16
18316,10
18317,8
18318,6
18319,14
18320,10
18321,13
18322,12
18323,9
18324,16
18325,11
18326,6
18327,9
18328,8
18329,10
18330,6
18331,10
18332,10
18333,12
18334,8
18335,9
18336,9
18337,5
18338,11
18339,6
18340,11
18341,12
18342,6
18343,13
18344,11
18345,13
18346,6
18347,12
18348,9
18349,8
18350,5
18351,10
18352,14
18353,8
18354,12
18355,11
18356,10
18357,10
18358,12
18359,9
18360,5
18361,5
18362,7
18363,9
18364,17
18365,11
18366,11
18367,9
18368,9
18369,9
18370,11
18371,10
18372,6
18373,12
18374,10
18375,10
18376,10
18377,11
18378,9
18379,9
18380,8
18381,13
18382,9
18383,12
18384,6
18385,11
18386,4
18387,10
18388,6
18389,9
18390,15
18391,12
18392,7
18393,10
18394,9
18395,11
18396,9
18397,11
18398,11
18399,8
18400,10
18401,8
18402,11
18403,9
18404,9
18405,12
18406,11
18407,10
18408,8
18409,18
18410,7
18411,17
18412,7
18413,11
18414,11
18415,7
18416,11
18417,11
18418,9
18419,10
18420,10
18421,12
18422,13
18423,9
18424,9
18425,12
18426,10
18427,10
18428,9
18429,11
18430,10
18431,7
18432,9
18433,8
18434,7
18435,7
18436,8
18437,11
18438,6
18439,12
18440,14
18441,12
18442,9
18443,8
18444,9
18445,14
18446,11
18447,11
18448,10
18449,6
18450,11
18451,17
18452,10
18453,7
18454,9
18455,13
18456,10
18457,9
18458,13
18459,6
18460,9
18461,10
18462,12
18463,11
18464,11
18465,10
18466,10
18467,6
18468,8
18469,11
18470,7
18471,8
18472,16
18473,12
18474,12
18475,10
18476,10
18477,5
18478,8
18479,12
18480,9
18481,9
18482,8
18483,13
18484,12
18485,11
18486,6
18487,12
18488,10
18489,9
18490,8
18491,6
18492,6
18493,7
18494,10
18495,11
18496,7
18497,6
18498,9
18499,10
18500,7
18501,8
18502,11
18503,8
18504,8
18505,10
18506,8
18507,7
18508,6
18509,11
18510,7
18511,5
18512,13
18513,8
18514,8
18515,9
18516,13
18517,10
18518,9
18519,11
18520,8
18521,8
18522,7
18523,11
18524,9
18525,14
18526,7
18527,8
18528,7
18529,11
18530,10
18531,12
18532,10
18533,6
18534,15
18535,13
18536,10
18537,7
18538,9
18539,9
18540,11
18541,6
18542,9
18543,13
18544,8
18545,8
18546,11
18547,10
18548,7
18549,13
18550,13
18551,10
18552,7
18553,13
18554,9
18555,16
18556,11
18557,7
18558,9
18559,11
18560,9
18561,11
18562,10
18563,8
18564,10
18565,9
18566,9
18567,11
18568,9
18569,13
18570,10
18571,17
18572,6
18573,12
18574,9
18575,5
18576,8
18577,10
18578,8
18579,11
18580,11
18581,10
18582,11
18583,8
18584,13
18585,10
18586,10
18587,9
18588,13
18589,9
18590,8
18591,12
18592,12
18593,9
18594,10
18595,10
18596,6
18597,7
18598,9
18599,9
18600,10
18601,4
18602,9
18603,9
18604,7
18605,10
18606,11
18607,10
18608,9
18609,10
18610,6
18611,9
18612,15
18613,9
18614,10
18615,12
18616,7
18617,10
18618,9
18619,7
18620,7
18621,7
18622,11
18623,10
18624,10
18625,7
18626,10
18627,13
18628,5
18629,11
18630,9
18631,11
18632,4
18633,8
18634,4
18635,11
18636,16
18637,9
18638,12
18639,11
18640,12
18641,8
18642,12
18643,14
18644,14
18645,11
18646,14
18647,7
18648,9
18649,9
18650,8
18651,9
18652,12
18653,9
18654,12
18655,8
18656,7
18657,11
18658,13
18659,9
18660,10
18661,4
18662,6
18663,6
18664,9
18665,7
18666,9
18667,10
18668,12
18669,7
18670,9
18671,11
18672,9
18673,12
18674,9
18675,6
18676,7
18677,7
18678,7
18679,15
18680,11
18681,11
18682,9
18683,16
18684,7
18685,8
18686,11
18687,9
18688,10
18689,10
18690,11
18691,15
18692,13
18693,8
18694,8
18695,11
18696,12
18697,5
18698,11
18699,6
18700,9
18701,12
18702,11
18703,11
18704,7
18705,7
18706,10
18707,7
18708,8
18709,9
18710,11
18711,7
18712,10
18713,12
18714,7
18715,11
18716,7
18717,9
18718,10
18719,11
18720,11
18721,7
18722,10
18723,11
18724,13
18725,6
18726,10
18727,9
18728,15
18729,11
18730,13
18731,12
18732,10
18733,10
18734,10
18735,7
18736,11
18737,10
18738,10
18739,9
18740,9
18741,10
18742,9
18743,15
18744,11
18745,13
18746,12
18747,8
18748,7
18749,6
18750,15
18751,9
18752,11
18753,11
18754,12
18755,8
18756,12
18757,11
18758,11
18759,7
18760,10
18761,13
18762,10
18763,12
18764,9
18765,8
18766,11
18767,10
18768,9
18769,10
18770,11
18771,12
18772,11
18773,10
18774,10
18775,9
18776,8
18777,7
18778,11
18779,9
18780,11
18781,14
18782,7
18783,10
18784,10
18785,7
18786,7
18787,13
18788,8
18789,11
18790,8
18791,8
18792,12
18793,8
18794,10
18795,16
18796,11
18797,9
18798,11
18799,10
18800,10
18801,11
18802,10
18803,8
18804,16
18805,15
18806,9
18807,11
18808,11
18809,10
18810,10
18811,9
18812,9
18813,9
18814,10
18815,5
18816,4
18817,9
18818,10
18819,17
18820,8
18821,14
18822,11
18823,9
18824,13
18825,7
18826,9
18827,7
18828,9
18829,10
18830,12
18831,10
18832,11
18833,13
18834,11
18835,12
18836,7
18837,9
18838,13
18839,8
18840,11
18841,9
18842,11
18843,13
18844,10
18845,8
18846,9
18847,7
18848,10
18849,11
18850,10
18851,10
18852,14
18853,7
18854,10
18855,11
18856,10
18857,11
18858,16
18859,5
18860,5
18861,6
18862,9
18863,9
18864,8
18865,8
18866,9
18867,9
18868,12
18869,8
18870,11
18871,9
18872,4
18873,6
18874,10
18875,8
18876,11
18877,11
18878,10
18879,7
18880,6
18881,9
18882,10
18883,9
18884,8
18885,7
18886,10
18887,13
18888,15
18889,10
18890,10
18891,9
18892,10
18893,10
18894,9
18895,14
18896,10
18897,14
18898,12
18899,7
18900,8
18901,11
18902,9
18903,11
18904,9
18905,15
18906,11
18907,4
18908,8
18909,9
18910,10
18911,10
18912,8
18913,12
18914,11
18915,13
18916,9
18917,13
18918,12
18919,8
18920,12
18921,13
18922,8
18923,12
18924,10
18925,6
18926,7
18927,11
18928,9
18929,9
18930,6
18931,9
18932,13
18933,10
18934,15
18935,11
18936,10
18937,10
18938,10
18939,9
18940,10
18941,16
18942,10
18943,8
18944,10
18945,10
18946,9
18947,11
18948,10
18949,11
18950,7
18951,10
18952,9
18953,7
18954,10
18955,15
18956,8
18957,11
18958,11
18959,10
18960,13
18961,7
18962,12
18963,7
18964,12
18965,5
18966,12
18967,11
18968,11
18969,10
18970,12
18971,11
18972,10
18973,11
18974,10
18975,10
18976,10
18977,8
18978,10
18979,8
18980,10
18981,10
18982,6
18983,12
18984,9
18985,10
18986,10
18987,6
18988,12
18989,7
18990,6
18991,12
18992,12
18993,11
18994,11
18995,17
18996,11
18997,10
18998,12
18999,11
19000,8
19001,13
19002,7
19003,7
19004,4
19005,9
19006,13
19007,6
19008,9
19009,8
19010,12
19011,6
19012,8
19013,12
19014,12
19015,6
19016,15
19017,10
19018,6
19019,10
19020,11
19021,10
19022,11
19023,15
19024,10
19025,14
19026,10
19027,9
19028,14
19029,9
19030,7
19031,12
19032,11
19033,9
19034,11
19035,9
19036,9
19037,11
19038,17
19039,8
19040,10
19041,11
19042,10
19043,12
19044,9
19045,8
19046,9
19047,10
19048,16
19049,10
19050,8
19051,9
19052,8
19053,7
19054,10
19055,9
19056,10
19057,7
19058,8
19059,9
19060,5
19061,9
19062,10
19063,8
19064,15
19065,10
19066,11
19067,10
19068,7
19069,6
19070,12
19071,7
19072,10
19073,10
19074,11
19075,8
19076,10
19077,10
19078,16
19079,15
19080,6
19081,10
19082,7
19083,11
19084,12
19085,11
19086,17
19087,7
19088,9
19089,11
19090,10
19091,10
19092,10
19093,6
19094,8
19095,9
19096,7
19097,8
19098,14
19099,15
19100,11
19101,8
19102,9
19103,9
19104,11
19105,10
19106,11
19107,13
19108,11
19109,8
19110,8
19111,11
19112,8
19113,13
19114,14
19115,16
19116,4
19117,10
19118,13
19119,7
19120,10
19121,12
19122,11
19123,7
19124,14
19125,12
19126,8
19127,11
19128,9
19129,11
19130,10
19131,10
19132,10
19133,9
19134,10
19135,9
19136,6
19137,8
19138,9
19139,9
19140,10
19141,7
19142,8
19143,13
19144,13
19145,10
19146,10
19147,11
19148,10
19149,9
19150,11
19151,10
19152,12
19153,10
19154,5
19155,10
19156,13
19157,11
19158,6
19159,17
19160,4
19161,15
19162,7
19163,10
19164,9
19165,9
19166,10
19167,10
19168,6
19169,12
19170,10
19171,10
19172,10
19173,8
19174,7
19175,8
19176,8
19177,10
19178,11
19179,10
19180,11
19181,15
19182,8
19183,11
19184,11
19185,10
19186,16
19187,13
19188,7
19189,11
19190,8
19191,10
19192,9
19193,9
19194,16
19195,8
19196,10
19197,10
19198,8
19199,5
19200,4
19201,10
19202,13
19203,8
19204,12
19205,11
19206,6
19207,9
19208,11
19209,8
19210,9
19211,11
19212,9
19213,9
19214,16
19215,7
19216,8
19217,8
19218,8
19219,10
19220,10
19221,11
19222,10
19223,9
19224,11
19225,12
19226,9
19227,9
19228,9
19229,13
19230,8
19231,9
19232,10
19233,9
19234,12
19235,8
19236,6
19237,9
19238,10
19239,8
19240,9
19241,11
19242,15
19243,14
19244,8
19245,7
19246,11
19247,7
19248,9
19249,11
19250,9
19251,9
19252,11
19253,10
19254,7
19255,6
19256,9
19257,9
19258,11
19259,6
19260,10
19261,11
19262,7
19263,10
19264,7
19265,9
19266,10
19267,6
19268,6
19269,6
19270,8
19271,14
19272,10
19273,7
19274,12
19275,13
19276,10
19277,11
19278,10
19279,4
19280,13
19281,10
19282,9
19283,8
19284,11
19285,10
19286,6
19287,10
19288,10
19289,11
19290,12
19291,8
19292,5
19293,6
19294,10
19295,9
19296,11
19297,6
19298,13
19299,15
19300,8
19301,8
19302,15
19303,5
19304,6
19305,10
19306,11
19307,13
19308,12
19309,8
19310,14
19311,10
19312,14
19313,9
19314,12
19315,11
19316,17
19317,8
19318,10
19319,11
19320,11
19321,7
19322,8
19323,9
19324,8
19325,6
19326,8
19327,14
19328,14
19329,10
19330,9
19331,10
19332,7
19333,10
19334,10
19335,11
19336,11
19337,10
19338,15
19339,13
19340,10
19341,9
19342,11
19343,16
19344,9
19345,9
19346,13
19347,8
19348,7
19349,7
19350,6
19351,7
19352,11
19353,8
19354,10
19355,12
19356,10
19357,7
19358,13
19359,10
19360,5
19361,10
19362,10
19363,6
19364,10
19365,11
19366,10
19367,7
19368,4
19369,6
19370,10
19371,10
19372,8
19373,16
19374,12
19375,8
19376,10
19377,12
19378,11
19379,17
19380,4
19381,8
19382,12
19383,5
19384,12
19385,9
19386,9
19387,9
19388,15
19389,8
19390,10
19391,8
19392,11
19393,15
19394,9
19395,12
19396,12
19397,8
19398,12
19399,8
19400,10
19401,6
19402,7
19403,8
19404,16
19405,8
19406,10
19407,7
19408,8
19409,6
19410,10
19411,9
19412,8
19413,7
19414,10
19415,11
19416,12
19417,16
19418,8
19419,6
19420,10
19421,12
19422,9
19423,8
19424,10
19425,6
19426,8
19427,11
19428,14
19429,9
19430,12
19431,9
19432,5
19433,9
19434,11
19435,12
19436,8
19437,10
19438,10
19439,11
19440,12
19441,11
19442,11
19443,5
19444,10
19445,5
19446,9
19447,8
19448,10
19449,7
19450,8
19451,9
19452,10
19453,11
19454,11
19455,10
19456,11
19457,12
19458,4
19459,5
19460,9
19461,11
19462,9
19463,10
19464,10
19465,7
19466,12
19467,10
19468,7
19469,15
19470,8
19471,11
19472,10
19473,9
19474,11
19475,12
19476,10
19477,9
19478,10
19479,8
19480,10
19481,8
19482,8
19483,9
19484,8
19485,9
19486,10
19487,10
19488,9
19489,12
19490,12
19491,10
19492,10
19493,12
19494,11
19495,6
19496,6
19497,11
19498,9
19499,11
19500,9
19501,10
19502,11
19503,8
19504,12
19505,6
19506,9
19507,12
19508,10
19509,11
19510,13
19511,12
19512,7
19513,5
19514,11
19515,11
19516,9
19517,10
19518,10
19519,13
19520,10
19521,12
19522,11
19523,10
19524,8
19525,9
19526,14
19527,9
19528,9
19529,11
19530,10
19531,12
19532,12
19533,10
19534,13
19535,7
19536,10
19537,9
19538,10
19539,7
19540,14
19541,11
19542,8
19543,10
19544,9
19545,11
19546,10
19547,16
19548,16
19549,9
19550,8
19551,6
19552,8
19553,5
19554,11
19555,8
19556,7
19557,10
19558,8
19559,10
19560,10
19561,11
19562,10
19563,7
19564,10
19565,9
19566,9
19567,11
19568,10
19569,10
19570,11
19571,10
19572,11
19573,6
19574,10
19575,10
19576,11
19577,14
19578,14
19579,11
19580,8
19581,15
19582,11
19583,12
19584,8
19585,10
19586,7
19587,12
19588,10
19589,11
19590,12
19591,15
19592,7
19593,11
19594,9
19595,11
19596,7
19597,5
19598,8
19599,7
19600,7
19601,10
19602,11
19603,9
19604,7
19605,8
19606,7
19607,17
19608,10
19609,12
19610,8
19611,8
19612,15
19613,11
19614,10
19615,7
19616,10
19617,7
19618,9
19619,10
19620,10
19621,4
19622,13
19623,11
19624,7
19625,10
19626,10
19627,11
19628,9
19629,7
19630,6
19631,5
19632,11
19633,7
19634,6
19635,9
19636,15
19637,11
19638,14
19639,8
19640,10
19641,10
19642,12
19643,10
19644,9
19645,10
19646,12
19647,7
19648,10
19649,15
19650,11
19651,11
19652,9
19653,14
19654,11
19655,10
19656,9
19657,15
19658,8
19659,7
19660,12
19661,7
19662,10
19663,8
19664,10
19665,7
19666,12
19667,12
19668,11
19669,10
19670,6
19671,10
19672,11
19673,6
19674,5
19675,17
19676,12
19677,6
19678,10
19679,13
19680,10
19681,10
19682,6
19683,12
19684,8
19685,10
19686,10
19687,9
19688,10
19689,8
19690,11
19691,10
19692,10
19693,8
19694,8
19695,7
19696,7
19697,4
19698,7
19699,10
19700,10
19701,9
19702,8
19703,11
19704,8
19705,12
19706,11
19707,9
19708,6
19709,9
19710,6
19711,9
19712,10
19713,9
19714,10
19715,11
19716,7
19717,8
19718,10
19719,12
19720,10
19721,10
19722,5
19723,11
19724,10
19725,8
19726,9
19727,12
19728,9
19729,8
19730,7
19731,10
19732,11
19733,8
19734,10
19735,12
19736,10
19737,10
19738,12
19739,9
19740,8
19741,9
19742,9
19743,8
19744,8
19745,14
19746,7
19747,15
19748,10
19749,11
19750,10
19751,12
19752,9
19753,8
19754,10
19755,16
19756,11
19757,6
19758,11
19759,6
19760,6
19761,10
19762,14
19763,5
19764,11
19765,9
19766,6
19767,16
19768,11
19769,14
19770,6
19771,7
19772,10
19773,11
19774,10
19775,6
19776,6
19777,6
19778,10
19779,11
19780,7
19781,10
19782,15
19783,13
19784,7
19785,6
19786,9
19787,10
19788,6
19789,11
19790,11
19791,10
19792,13
19793,15
19794,11
19795,10
19796,9
19797,11
19798,14
19799,9
19800,7
19801,14
19802,7
19803,11
19804,6
19805,12
19806,7
19807,6
19808,9
19809,6
19810,8
19811,6
19812,9
19813,11
19814,11
19815,15
19816,11
19817,7
19818,10
19819,6
19820,6
19821,6
19822,9
19823,11
19824,9
19825,8
19826,8
19827,10
19828,8
19829,9
19830,10
19831,9
19832,8
19833,5
19834,9
19835,14
19836,10
19837,10
19838,6
19839,7
19840,13
19841,11
19842,11
19843,10
19844,7
19845,10
19846,10
19847,11
19848,7
19849,13
19850,9
19851,10
19852,9
19853,10
19854,12
19855,8
19856,5
19857,9
19858,8
19859,8
19860,7
19861,16
19862,7
19863,7
19864,10
19865,10
19866,8
19867,8
19868,11
19869,10
19870,15
19871,10
19872,9
19873,11
19874,7
19875,11
19876,9
19877,10
19878,4
19879,9
19880,4
19881,7
19882,14
19883,10
19884,10
19885,10
19886,10
19887,12
19888,11
19889,9
19890,11
19891,7
19892,12
19893,10
19894,9
19895,9
19896,9
19897,7
19898,9
19899,10
19900,7
19901,8
19902,9
19903,11
19904,11
19905,11
19906,8
19907,4
19908,12
19909,12
19910,7
19911,9
19912,9
19913,9
19914,12
19915,10
19916,7
19917,6
19918,9
19919,9
19920,12
19921,10
19922,14
19923,10
19924,16
19925,8
19926,7
19927,7
19928,9
19929,13
19930,10
19931,7
19932,15
19933,9
19934,7
19935,10
19936,9
19937,11
19938,8
19939,8
19940,11
19941,10
19942,7
19943,9
19944,11
19945,10
19946,10
19947,10
19948,7
19949,11
19950,10
19951,4
19952,8
19953,11
19954,5
19955,6
19956,10
19957,9
19958,11
19959,6
19960,10
19961,9
19962,7
19963,9
19964,8
19965,16
19966,12
19967,15
19968,6
19969,12
19970,10
19971,9
19972,6
19973,15
19974,10
19975,10
19976,4
19977,11
19978,7
19979,16
19980,11
19981,11
19982,9
19983,9
19984,12
19985,9
19986,10
19987,9
19988,11
19989,9
19990,9
19991,9
19992,6
19993,7
19994,10
19995,10
19996,5
19997,11
19998,9
19999,7
20000,10
20001,6
20002,11
20003,11
20004,9
20005,4
20006,14
20007,6
20008,7
20009,9
20010,4
20011,10
20012,12
20013,8
20014,9
20015,7
20016,12
20017,9
20018,8
20019,11
20020,15
20021,15
20022,11
20023,10
20024,6
20025,17
20026,13
20027,8
20028,9
20029,11
20030,6
20031,10
20032,6
20033,10
20034,9
20035,10
20036,9
20037,11
20038,8
20039,7
20040,13
20041,4
20042,11
20043,10
20044,8
20045,12
20046,10
20047,4
20048,9
20049,9
20050,9
20051,7
20052,17
20053,10
20054,8
20055,14
20056,12
20057,9
20058,9
20059,10
20060,11
20061,10
20062,11
20063,8
20064,10
20065,15
20066,8
20067,9
20068,11
20069,7
20070,4
20071,14
20072,12
20073,7
20074,10
20075,6
20076,8
20077,12
20078,10
20079,10
20080,16
20081,13
20082,8
20083,6
20084,10
20085,11
20086,9
20087,9
20088,8
20089,11
20090,15
20091,11
20092,14
20093,11
20094,13
20095,11
20096,8
20097,10
20098,7
20099,11
20100,10
20101,17
20102,11
20103,7
20104,12
20105,9
20106,10
20107,10
20108,10
20109,8
20110,10
20111,6
20112,11
20113,11
20114,11
20115,9
20116,13
20117,14
20118,9
20119,17
20120,10
20121,17
20122,10
20123,14
20124,11
20125,8
20126,15
20127,10
20128,8
20129,8
20130,8
20131,9
20132,9
20133,11
20134,10
20135,15
20136,8
20137,14
20138,11
20139,9
20140,11
20141,11
20142,10
20143,8
20144,10
20145,6
20146,9
20147,9
20148,4
20149,10
20150,11
20151,9
20152,8
20153,11
20154,10
20155,10
20156,9
20157,9
20158,9
20159,11
20160,9
20161,13
20162,7
20163,6
20164,10
20165,7
20166,6
20167,11
20168,10
20169,6
20170,14
20171,10
20172,11
20173,12
20174,10
20175,6
20176,9
20177,10
20178,10
20179,8
20180,9
20181,10
20182,11
20183,6
20184,10
20185,10
20186,12
20187,8
20188,9
20189,8
20190,9
20191,8
20192,10
20193,10
20194,9
20195,9
20196,7
20197,14
20198,12
20199,9
20200,8
20201,14
20202,7
20203,8
20204,10
20205,10
20206,9
20207,11
20208,10
20209,10
20210,12
20211,14
20212,9
20213,14
20214,9
20215,11
20216,4
20217,10
20218,7
20219,9
20220,6
20221,10
20222,11
20223,9
20224,13
20225,9
20226,10
20227,13
20228,12
20229,9
20230,11
20231,11
20232,9
20233,11
20234,10
20235,8
20236,11
20237,10
20238,7
20239,8
20240,11
20241,7
20242,9
20243,10
20244,7
20245,7
20246,10
20247,7
20248,11
20249,14
20250,7
20251,7
20252,6
20253,11
20254,12
20255,13
20256,10
20257,11
20258,14
20259,8
20260,11
20261,8
20262,6
20263,10
20264,12
20265,11
20266,6
20267,8
20268,11
20269,6
20270,10
20271,7
20272,15
20273,10
20274,5
20275,9
20276,8
20277,10
20278,7
20279,9
20280,12
20281,9
20282,10
20283,10
20284,9
20285,9
20286,11
20287,9
20288,9
20289,6
20290,10
20291,8
20292,5
20293,11
20294,12
20295,9
20296,10
20297,7
20298,7
20299,14
20300,11
20301,9
20302,11
20303,9
20304,7
20305,13
20306,11
20307,9
20308,8
20309,7
20310,10
20311,9
20312,10
20313,15
20314,9
20315,14
20316,10
20317,11
20318,8
20319,11
20320,13
20321,13
20322,11
20323,12
20324,8
20325,10
20326,14
20327,7
20328,9
20329,11
20330,11
20331,13
20332,9
20333,10
20334,9
20335,12
20336,10
20337,11
20338,6
20339,7
20340,11
20341,10
20342,6
20343,7
20344,15
20345,11
20346,10
20347,6
20348,9
20349,9
20350,11
20351,10
20352,11
20353,6
20354,13
20355,8
20356,4
20357,8
20358,6
20359,7
20360,9
20361,6
20362,11
20363,12
20364,15
20365,7
20366,10
20367,10
20368,10
20369,9
20370,9
20371,8
20372,13
20373,11
20374,11
20375,5
20376,7
20377,4
20378,7
20379,15
20380,6
20381,8
20382,10
20383,7
20384,6
20385,6
20386,10
20387,9
20388,4
20389,10
20390,12
20391,4
20392,10
20393,13
20394,13
20395,12
20396,13
20397,10
20398,11
20399,11
20400,15
20401,6
20402,11
20403,6
20404,12
20405,10
20406,7
20407,11
20408,6
20409,8
20410,10
20411,13
20412,9
20413,9
20414,12
20415,8
20416,10
20417,10
20418,9
20419,10
20420,11
20421,16
20422,11
20423,7
20424,10
20425,7
20426,9
20427,12
20428,8
20429,9
20430,12
20431,6
20432,9
20433,10
20434,13
20435,8
20436,10
20437,9
20438,7
20439,7
20440,9
20441,9
20442,10
20443,11
20444,7
20445,15
20446,11
20447,12
20448,8
20449,6
20450,6
20451,7
20452,10
20453,9
20454,6
20455,13
20456,12
20457,9
20458,7
20459,15
20460,11
20461,6
20462,13
20463,9
20464,10
20465,9
20466,10
20467,17
20468,14
20469,9
20470,4
20471,7
20472,7
20473,13
20474,8
20475,7
20476,11
20477,10
20478,8
20479,15
20480,10
20481,11
20482,11
20483,11
20484,8
20485,11
20486,13
20487,10
20488,11
20489,11
20490,10
20491,7
20492,12
20493,6
20494,15
20495,11
20496,10
20497,10
20498,9
20499,11
20500,4
20501,14
20502,8
20503,10
20504,11
20505,8
20506,14
20507,9
20508,6
20509,11
20510,12
20511,10
20512,10
20513,8
20514,8
20515,7
20516,9
20517,6
20518,11
20519,11
20520,11
20521,11
20522,14
20523,7
20524,11
20525,12
20526,9
20527,14
20528,5
20529,7
20530,9
20531,12
20532,9
20533,10
20534,10
20535,10
20536,10
20537,10
20538,9
20539,9
20540,10
20541,10
20542,10
20543,9
20544,16
20545,6
20546,10
20547,9
20548,11
20549,9
20550,11
20551,11
20552,9
20553,12
20554,8
20555,10
20556,10
20557,12
20558,10
20559,10
20560,10
20561,10
20562,12
20563,10
20564,16
20565,9
20566,10
20567,6
20568,11
20569,12
20570,9
20571,9
20572,10
20573,6
20574,10
20575,14
20576,11
20577,10
20578,7
20579,9
20580,7
20581,16
20582,9
20583,8
20584,12
20585,13
20586,10
20587,13
20588,11
20589,11
20590,8
20591,7
20592,7
20593,11
20594,8
20595,8
20596,10
20597,11
20598,7
20599,11
20600,13
20601,12
20602,8
20603,10
20604,11
20605,8
20606,6
20607,4
20608,5
20609,7
20610,12
20611,11
20612,10
20613,12
20614,12
20615,10
20616,8
20617,9
20618,7
20619,7
20620,4
20621,9
20622,6
20623,8
20624,7
20625,10
20626,9
20627,8
20628,16
20629,9
20630,11
20631,9
20632,4
20633,10
20634,5
20635,9
20636,9
20637,11
20638,7
20639,11
20640,7
20641,11
20642,13
20643,10
20644,9
20645,10
20646,6
20647,6
20648,11
20649,7
20650,9
20651,13
20652,10
20653,15
20654,12
20655,11
20656,11
20657,13
20658,8
20659,8
20660,7
20661,5
20662,12
20663,10
20664,6
20665,9
20666,10
20667,6
20668,8
20669,10
20670,6
20671,6
20672,9
20673,11
20674,7
20675,10
20676,8
20677,13
20678,12
20679,9
20680,8
20681,10
20682,10
20683,9
20684,13
20685,10
20686,8
20687,10
20688,11
20689,11
20690,15
20691,12
20692,8
20693,9
20694,7
20695,10
20696,11
20697,9
20698,9
20699,10
20700,9
20701,16
20702,8
20703,6
20704,12
20705,9
20706,14
20707,13
20708,13
20709,8
20710,10
20711,13
20712,13
20713,9
20714,9
20715,11
20716,13
20717,9
20718,11
20719,12
20720,10
20721,10
20722,9
20723,14
20724,8
20725,9
20726,8
20727,5
20728,8
20729,8
20730,10
20731,13
20732,11
20733,8
20734,10
20735,8
20736,7
20737,11
20738,8
20739,8
20740,11
20741,11
20742,10
20743,15
20744,7
20745,10
20746,9
20747,16
20748,10
20749,5
20750,9
20751,12
20752,9
20753,5
20754,7
20755,10
20756,11
20757,9
20758,12
20759,13
20760,10
20761,14
20762,11
20763,4
20764,12
20765,12
20766,5
20767,10
20768,10
20769,8
20770,7
20771,10
20772,7
20773,10
20774,8
20775,10
20776,14
20777,7
20778,7
20779,9
20780,9
20781,10
20782,10
20783,9
20784,10
20785,8
20786,10
20787,12
20788,8
20789,10
20790,8
20791,9
20792,10
20793,13
20794,12
20795,11
20796,15
20797,15
20798,12
20799,8
20800,4
20801,6
20802,7
20803,10
20804,18
20805,10
20806,9
20807,14
20808,9
20809,5
20810,4
20811,11
20812,5
20813,12
20814,11
20815,11
20816,10
20817,9
20818,12
20819,15
20820,9
20821,7
20822,6
20823,6
20824,8
20825,11
20826,11
20827,11
20828,9
20829,6
20830,6
20831,11
20832,11
20833,9
20834,10
20835,8
20836,10
20837,12
20838,12
20839,10
20840,7
20841,9
20842,9
20843,11
20844,10
20845,13
20846,9
20847,7
20848,9
20849,10
20850,12
20851,10
20852,7
20853,12
20854,9
20855,6
20856,4
20857,10
20858,7
20859,11
20860,14
20861,11
20862,12
20863,9
20864,6
20865,11
20866,12
20867,12
20868,10
20869,10
20870,10
20871,14
20872,9
20873,8
20874,9
20875,5
20876,10
20877,11
20878,11
20879,9
20880,12
20881,8
20882,7
20883,8
20884,11
20885,12
20886,6
20887,7
20888,9
20889,7
20890,13
20891,10
20892,9
20893,4
20894,10
20895,12
20896,7
20897,11
20898,10
20899,12
20900,11
20901,10
20902,11
20903,9
20904,17
20905,5
20906,12
20907,10
20908,11
20909,13
20910,11
20911,8
20912,11
20913,9
20914,10
20915,6
20916,7
20917,9
20918,12
20919,11
20920,10
20921,10
20922,9
20923,9
20924,10
20925,11
20926,7
20927,6
20928,5
20929,13
20930,7
20931,11
20932,11
20933,10
20934,9
20935,6
20936,10
20937,7
20938,11
20939,9
20940,10
20941,9
20942,14
20943,12
20944,11
20945,8
20946,12
20947,13
20948,14
20949,9
20950,12
20951,7
20952,9
20953,9
20954,9
20955,12
20956,10
20957,16
20958,8
20959,9
20960,10
20961,11
20962,7
20963,11
20964,7
20965,11
20966,9
20967,16
20968,13
20969,11
20970,10
20971,8
20972,9
20973,9
20974,5
20975,10
20976,12
20977,6
20978,12
20979,11
20980,6
20981,10
20982,13
20983,10
20984,10
20985,10
20986,11
20987,10
20988,14
20989,10
20990,6
20991,16
20992,12
20993,11
20994,14
20995,13
20996,7
20997,9
20998,8
20999,4
21000,9
21001,14
21002,9
21003,11
21004,11
21005,10
21006,10
21007,12
21008,6
21009,8
21010,6
21011,9
21012,9
21013,13
21014,10
21015,10
21016,7
21017,12
21018,16
21019,14
21020,17
21021,13
21022,7
21023,9
21024,10
21025,5
21026,10
21027,6
21028,13
21029,10
21030,15
21031,14
21032,10
21033,11
21034,11
21035,7
21036,17
21037,10
21038,9
21039,9
21040,12
21041,12
21042,8
21043,12
21044,9
21045,8
21046,5
21047,10
21048,11
21049,15
21050,11
21051,10
21052,6
21053,7
21054,11
21055,10
21056,11
21057,11
21058,10
21059,10
21060,11
21061,10
21062,10
21063,13
21064,12
21065,10
21066,10
21067,13
21068,15
21069,10
21070,12
21071,7
21072,7
21073,10
21074,9
21075,8
21076,11
21077,9
21078,7
21079,12
21080,10
21081,10
21082,5
21083,9
21084,8
21085,5
21086,7
21087,8
21088,12
21089,11
21090,9
21091,12
21092,10
21093,10
21094,6
21095,13
21096,10
21097,7
21098,10
21099,7
21100,13
21101,10
21102,5
21103,8
21104,6
21105,10
21106,10
21107,8
21108,6
21109,7
21110,9
21111,10
21112,13
21113,9
21114,11
21115,10
21116,9
21117,9
21118,8
21119,9
21120,8
21121,9
21122,13
21123,7
21124,10
21125,10
21126,9
21127,15
21128,9
21129,9
21130,7
21131,12
21132,11
21133,12
21134,10
21135,8
21136,5
21137,14
21138,10
21139,12
21140,9
21141,5
21142,11
21143,10
21144,9
21145,13
21146,9
21147,8
21148,9
21149,13
21150,8
21151,8
21152,12
21153,10
21154,10
21155,10
21156,6
21157,11
21158,4
21159,8
21160,8
21161,4
21162,10
21163,10
21164,11
21165,7
21166,7
21167,10
21168,10
21169,13
21170,16
21171,11
21172,7
21173,6
21174,9
21175,11
21176,9
21177,7
21178,11
21179,7
21180,11
21181,16
21182,12
21183,7
21184,15
21185,10
21186,9
21187,12
21188,12
21189,9
21190,8
21191,15
21192,11
21193,10
21194,10
21195,11
21196,11
21197,8
21198,9
21199,4
21200,10
21201,10
21202,11
21203,9
21204,4
21205,15
21206,9
21207,8
21208,11
21209,13
21210,11
21211,13
21212,9
21213,9
21214,16
21215,8
21216,11
21217,7
21218,10
21219,6
21220,11
21221,10
21222,10
21223,11
21224,11
21225,5
21226,10
21227,15
21228,11
21229,13
21230,9
21231,8
21232,11
21233,11
21234,7
21235,10
21236,6
21237,12
21238,12
21239,7
21240,9
21241,8
21242,8
21243,12
21244,6
21245,12
21246,10
21247,6
21248,11
21249,10
21250,7
21251,11
21252,9
21253,11
21254,10
21255,11
21256,10
21257,11
21258,7
21259,9
21260,10
21261,10
21262,10
21263,7
21264,7
21265,12
21266,16
21267,9
21268,9
21269,11
21270,12
21271,6
21272,8
21273,11
21274,11
21275,13
21276,12
21277,11
21278,10
21279,9
21280,9
21281,11
21282,8
21283,8
21284,6
21285,12
21286,5
21287,9
21288,13
21289,8
21290,14
21291,14
21292,10
21293,10
21294,6
21295,11
21296,10
21297,9
21298,12
21299,10
21300,10
21301,11
21302,9
21303,11
21304,7
21305,7
21306,15
21307,8
21308,13
21309,8
21310,9
21311,9
21312,11
21313,10
21314,10
21315,10
21316,8
21317,10
21318,11
21319,16
21320,10
21321,11
21322,11
21323,11
21324,10
21325,7
21326,9
21327,12
21328,9
21329,13
21330,8
21331,9
21332,14
21333,17
21334,8
21335,12
21336,12
21337,10
21338,15
21339,11
21340,10
21341,9
21342,11
21343,11
21344,4
21345,9
21346,8
21347,11
21348,8
21349,13
21350,12
21351,7
21352,15
21353,4
21354,12
21355,6
21356,11
21357,9
21358,11
21359,5
21360,11
21361,9
21362,9
21363,10
21364,8
21365,12
21366,14
21367,10
21368,12
21369,9
21370,10
21371,9
21372,8
21373,9
21374,11
21375,11
21376,6
21377,9
21378,8
21379,6
21380,13
21381,8
21382,11
21383,6
21384,9
21385,7
21386,7
21387,6
21388,13
21389,11
21390,15
21391,8
21392,12
21393,7
21394,11
21395,10
21396,11
21397,9
21398,10
21399,9
21400,10
21401,10
21402,10
21403,6
21404,11
21405,10
21406,10
21407,6
21408,6
21409,7
21410,8
21411,10
21412,9
21413,12
21414,8
21415,11
21416,11
21417,10
21418,7
21419,10
21420,8
21421,8
21422,10
21423,11
21424,11
21425,8
21426,11
21427,13
21428,9
21429,11
21430,10
21431,13
21432,5
21433,10
21434,9
21435,10
21436,10
21437,5
21438,11
21439,9
21440,10
21441,11
21442,11
21443,10
21444,11
21445,7
21446,9
21447,11
21448,11
21449,10
21450,10
21451,13
21452,9
21453,11
21454,9
21455,7
21456,5
21457,7
21458,7
21459,5
21460,13
21461,6
21462,10
21463,8
21464,10
21465,6
21466,14
21467,11
21468,7
21469,13
21470,10
21471,8
21472,6
21473,9
21474,9
21475,8
21476,8
21477,8
21478,11
21479,15
21480,12
21481,10
21482,11
21483,6
21484,11
21485,10
21486,11
21487,12
21488,9
21489,12
21490,11
21491,12
21492,12
21493,11
21494,8
21495,10
21496,9
21497,11
21498,17
21499,10
21500,9
21501,12
21502,9
21503,8
21504,8
21505,18
21506,7
21507,14
21508,11
21509,9
21510,9
21511,12
21512,13
21513,17
21514,8
21515,9
21516,11
21517,11
21518,8
21519,15
21520,13
21521,15
21522,9
21523,9
21524,6
21525,7
21526,10
21527,8
21528,9
21529,7
21530,10
21531,11
21532,13
21533,9
21534,12
21535,12
21536,6
21537,11
21538,17
21539,8
21540,11
21541,10
21542,10
21543,4
21544,10
21545,9
21546,10
21547,8
21548,9
21549,8
21550,5
21551,12
21552,15
21553,14
21554,11
21555,6
21556,10
21557,11
21558,13
21559,14
21560,10
21561,11
21562,11
21563,6
21564,11
21565,10
21566,11
21567,7
21568,12
21569,8
21570,8
21571,9
21572,11
21573,14
21574,13
21575,11
21576,11
21577,6
21578,11
21579,7
21580,11
21581,8
21582,10
21583,10
21584,12
21585,14
21586,11
21587,12
21588,9
21589,15
21590,7
21591,10
21592,10
21593,10
21594,10
21595,11
21596,15
21597,13
21598,11
21599,11
21600,10
21601,13
21602,10
21603,14
21604,10
21605,9
21606,10
21607,10
21608,11
21609,7
21610,11
21611,8
21612,9
21613,8
21614,9
21615,9
21616,4
21617,15
21618,7
21619,10
21620,12
21621,9
21622,9
21623,9
21624,9
21625,12
21626,14
21627,10
21628,10
21629,6
21630,10
21631,9
21632,10
21633,11
21634,8
21635,15
21636,10
21637,10
21638,15
21639,5
21640,8
21641,9
21642,11
21643,9
21644,7
21645,10
21646,11
21647,11
21648,8
21649,10
21650,4
21651,8
21652,11
21653,5
21654,9
21655,12
21656,10
21657,10
21658,6
21659,10
21660,15
21661,16
21662,11
21663,10
21664,7
21665,8
21666,10
21667,13
21668,10
21669,4
21670,6
21671,10
21672,10
21673,7
21674,10
21675,11
21676,6
21677,10
21678,9
21679,6
21680,9
21681,5
21682,10
21683,12
21684,10
21685,10
21686,9
21687,10
21688,4
21689,7
21690,10
21691,9
21692,5
21693,11
21694,11
21695,8
21696,7
21697,12
21698,12
21699,8
21700,11
21701,7
21702,14
21703,10
21704,7
21705,11
21706,7
21707,9
21708,7
21709,9
21710,10
21711,6
21712,11
21713,15
21714,7
21715,10
21716,17
21717,13
21718,7
21719,16
21720,9
21721,15
21722,9
21723,7
21724,9
21725,9
21726,10
21727,10
21728,11
21729,11
21730,10
21731,7
21732,10
21733,10
21734,10
21735,11
21736,11
21737,10
21738,10
21739,6
21740,10
21741,11
21742,14
21743,9
21744,8
21745,8
21746,9
21747,18
21748,9
21749,9
21750,10
21751,15
21752,11
21753,9
21754,10
21755,16
21756,10
21757,13
21758,11
21759,7
21760,16
21761,9
21762,10
21763,8
21764,12
21765,17
21766,9
21767,12
21768,10
21769,12
21770,10
21771,6
21772,10
21773,12
21774,8
21775,11
21776,5
21777,11
21778,11
21779,12
21780,10
21781,11
21782,16
21783,8
21784,13
21785,14
21786,8
21787,13
21788,11
21789,10
21790,11
21791,12
21792,6
21793,9
21794,12
21795,11
21796,12
21797,9
21798,12
21799,9
21800,12
21801,11
21802,13
21803,6
21804,10
21805,7
21806,10
21807,8
21808,10
21809,11
21810,8
21811,15
21812,4
21813,10
21814,8
21815,12
21816,7
21817,15
21818,6
21819,11
21820,6
21821,14
21822,9
21823,7
21824,12
21825,6
21826,7
21827,12
21828,8
21829,8
21830,10
21831,9
21832,8
21833,15
21834,8
21835,11
21836,9
21837,4
21838,13
21839,10
21840,12
21841,13
21842,10
21843,16
21844,5
21845,9
21846,7
21847,12
21848,10
21849,7
21850,9
21851,8
21852,10
21853,7
21854,10
21855,7
21856,11
21857,10
21858,8
21859,14
21860,16
21861,6
21862,9
21863,9
21864,8
21865,12
21866,11
21867,13
21868,8
21869,8
21870,8
21871,14
21872,11
21873,15
21874,7
21875,8
21876,10
21877,13
21878,7
21879,11
21880,9
21881,10
21882,9
21883,8
21884,8
21885,15
21886,10
21887,11
21888,11
21889,12
21890,6
21891,9
21892,7
21893,8
21894,4
21895,9
21896,12
21897,11
21898,6
21899,10
21900,10
21901,11
21902,14
21903,11
21904,7
21905,7
21906,7
21907,4
21908,6
21909,7
21910,10
21911,11
21912,10
21913,10
21914,16
21915,10
21916,10
21917,10
21918,11
21919,11
21920,14
21921,6
21922,11
21923,6
21924,7
21925,9
21926,11
21927,12
21928,9
21929,10
21930,9
21931,10
21932,9
21933,14
21934,7
21935,5
21936,5
21937,10
21938,10
21939,11
21940,10
21941,11
21942,11
21943,14
21944,9
21945,8
21946,8
21947,10
21948,7
21949,8
21950,5
21951,8
21952,9
21953,14
21954,9
21955,11
21956,15
21957,10
21958,10
21959,7
21960,6
21961,10
21962,10
21963,10
21964,11
21965,9
21966,9
21967,10
21968,11
21969,8
21970,10
21971,10
21972,13
21973,8
21974,10
21975,9
21976,7
21977,6
21978,10
21979,9
21980,10
21981,10
21982,9
21983,9
21984,10
21985,9
21986,11
21987,8
21988,13
21989,7
21990,10
21991,18
21992,11
21993,8
21994,13
21995,12
21996,7
21997,14
21998,6
21999,11
22000,7
22001,10
22002,14
22003,11
22004,16
22005,10
22006,4
22007,14
22008,8
22009,10
22010,10
22011,12
22012,10
22013,10
22014,9
22015,7
22016,5
22017,11
22018,12
22019,10
22020,7
22021,12
22022,9
22023,8
22024,11
22025,7
22026,9
22027,8
22028,7
22029,10
22030,9
22031,13
22032,9
22033,10
22034,13
22035,12
22036,7
22037,10
22038,10
22039,9
22040,11
22041,7
22042,6
22043,6
22044,15
22045,10
22046,11
22047,10
22048,15
22049,10
22050,10
22051,6
22052,10
22053,13
22054,13
22055,10
22056,13
22057,14
22058,12
22059,8
22060,9
22061,10
22062,9
22063,10
22064,4
22065,9
22066,10
22067,4
22068,10
22069,6
22070,11
22071,6
22072,11
22073,13
22074,10
22075,9
22076,6
22077,6
22078,10
22079,7
22080,7
22081,11
22082,12
22083,9
22084,7
22085,10
22086,7
22087,6
22088,10
22089,11
22090,13
22091,13
22092,14
22093,9
22094,11
22095,10
22096,12
22097,10
22098,7
22099,8
22100,8
22101,17
22102,6
22103,11
22104,8
22105,13
22106,10
22107,9
22108,7
22109,7
22110,4
22111,10
22112,16
22113,7
22114,12
22115,11
22116,8
22117,8
22118,7
22119,10
22120,18
22121,9
22122,7
22123,10
22124,9
22125,10
22126,8
22127,6
22128,4
22129,7
22130,10
22131,5
22132,7
22133,10
22134,9
22135,10
22136,8
22137,10
22138,7
22139,13
22140,9
22141,9
22142,12
22143,9
22144,10
22145,7
22146,10
22147,7
22148,7
22149,10
22150,8
22151,10
22152,11
22153,13
22154,8
22155,10
22156,8
22157,8
22158,5
22159,8
22160,10
22161,6
22162,11
22163,11
22164,11
22165,12
22166,5
22167,6
22168,7
22169,7
22170,9
22171,11
22172,7
22173,10
22174,7
22175,9
22176,11
22177,14
22178,11
22179,13
22180,11
22181,10
22182,10
22183,14
22184,14
22185,10
22186,10
22187,10
22188,9
22189,7
22190,12
22191,11
22192,10
22193,10
22194,5
22195,12
22196,9
22197,11
22198,8
22199,8
22200,10
22201,12
22202,10
22203,11
22204,9
22205,6
22206,9
22207,10
22208,7
22209,7
22210,9
22211,10
22212,11
22213,7
22214,11
22215,7
22216,9
22217,9
22218,4
22219,9
22220,11
22221,9
22222,9
22223,9
22224,7
22225,9
22226,9
22227,11
22228,12
22229,17
22230,7
22231,11
22232,11
22233,10
22234,14
22235,15
22236,10
22237,9
22238,10
22239,10
22240,13
22241,7
22242,7
22243,11
22244,10
22245,6
22246,10
22247,6
22248,16
22249,10
22250,7
22251,9
22252,14
22253,13
22254,9
22255,8
22256,10
22257,10
22258,14
22259,9
22260,7
22261,13
22262,14
22263,8
22264,11
22265,15
22266,5
22267,7
22268,10
22269,8
22270,7
22271,6
22272,6
22273,15
22274,11
22275,8
22276,11
22277,7
22278,8
22279,13
22280,17
22281,16
22282,15
22283,8
22284,11
22285,15
22286,10
22287,7
22288,4
22289,7
22290,9
22291,11
22292,9
22293,9
22294,4
22295,10
22296,11
22297,9
22298,13
22299,10
22300,12
22301,11
22302,10
22303,7
22304,7
22305,13
22306,7
22307,7
22308,8
22309,11
22310,11
22311,10
22312,7
22313,8
22314,6
22315,6
22316,11
22317,10
22318,6
22319,9
22320,11
22321,13
22322,8
22323,9
22324,11
22325,11
22326,14
22327,12
22328,8
22329,11
22330,8
22331,10
22332,4
22333,9
22334,13
22335,12
22336,9
22337,9
22338,9
22339,10
22340,9
22341,13
22342,9
22343,10
22344,9
22345,7
22346,9
22347,11
22348,9
22349,13
22350,8
22351,14
22352,8
22353,6
22354,5
22355,13
22356,5
22357,10
22358,16
22359,10
22360,10
22361,16
22362,11
22363,7
22364,9
22365,9
22366,11
22367,9
22368,6
22369,16
22370,14
22371,11
22372,10
22373,15
22374,14
22375,11
22376,10
22377,6
22378,6
22379,10
22380,14
22381,7
22382,12
22383,15
22384,7
22385,11
22386,11
22387,8
22388,10
22389,8
22390,10
22391,13
22392,11
22393,9
22394,9
22395,10
22396,12
22397,11
22398,11
22399,10
22400,12
22401,13
22402,12
22403,11
22404,12
22405,8
22406,10
22407,11
22408,7
22409,10
22410,7
22411,13
22412,18
22413,12
22414,10
22415,13
22416,8
22417,10
22418,7
22419,10
22420,7
22421,8
22422,7
22423,8
22424,9
22425,14
22426,11
22427,10
22428,12
22429,9
22430,10
22431,8
22432,10
22433,7
22434,12
22435,11
22436,13
22437,9
22438,11
22439,8
22440,7
22441,8
22442,10
22443,12
22444,9
22445,10
22446,8
22447,10
22448,10
22449,10
22450,4
22451,13
22452,12
22453,6
22454,7
22455,11
22456,7
22457,13
22458,7
22459,12
22460,10
22461,8
22462,8
22463,9
22464,7
22465,15
22466,16
22467,9
22468,9
22469,10
22470,13
22471,7
22472,9
22473,10
22474,7
22475,5
22476,10
22477,12
22478,6
22479,10
22480,8
22481,9
22482,11
22483,9
22484,14
22485,15
22486,11
22487,5
22488,9
22489,11
22490,10
22491,9
22492,8
22493,7
22494,8
22495,11
22496,13
22497,9
22498,10
22499,7
22500,8
22501,7
22502,7
22503,10
22504,10
22505,6
22506,16
22507,11
22508,8
22509,10
22510,10
22511,8
22512,8
22513,14
22514,11
22515,9
22516,5
22517,5
22518,7
22519,9
22520,11
22521,11
22522,6
22523,8
22524,4
22525,12
22526,11
22527,14
22528,6
22529,7
22530,10
22531,11
22532,7
22533,7
22534,9
22535,5
22536,4
22537,11
22538,11
22539,10
22540,7
22541,5
22542,6
22543,10
22544,8
22545,7
22546,6
22547,10
22548,6
22549,12
22550,10
22551,8
22552,10
22553,9
22554,10
22555,9
22556,11
22557,6
22558,11
22559,8
22560,10
22561,13
22562,8
22563,9
22564,9
22565,10
22566,6
22567,12
22568,11
22569,9
22570,12
22571,9
22572,8
22573,11
22574,10
22575,10
22576,9
22577,10
22578,13
22579,7
22580,8
22581,10
22582,11
22583,11
22584,6
22585,9
22586,5
22587,11
22588,11
22589,7
22590,11
22591,4
22592,4
22593,8
22594,9
22595,11
22596,11
22597,14
22598,8
22599,11
22600,11
22601,6
22602,11
22603,10
22604,9
22605,11
22606,7
22607,8
22608,8
22609,7
22610,11
22611,16
22612,6
22613,13
22614,9
22615,6
22616,10
22617,12
22618,11
22619,6
22620,8
22621,12
22622,7
22623,10
22624,8
22625,7
22626,13
22627,9
22628,11
22629,14
22630,6
22631,14
22632,12
22633,10
22634,8
22635,11
22636,11
22637,6
22638,10
22639,10
22640,10
22641,11
22642,11
22643,10
22644,13
22645,8
22646,10
22647,12
22648,8
22649,10
22650,12
22651,7
22652,12
22653,9
22654,12
22655,7
22656,8
22657,5
22658,17
22659,11
22660,11
22661,6
22662,10
22663,13
22664,12
22665,10
22666,15
22667,11
22668,6
22669,7
22670,11
22671,9
22672,10
22673,10
22674,6
22675,14
22676,17
22677,9
22678,12
22679,7
22680,11
22681,6
22682,7
22683,8
22684,11
22685,10
22686,7
22687,8
22688,7
22689,10
22690,7
22691,6
22692,6
22693,6
22694,10
22695,9
22696,10
22697,8
22698,15
22699,9
22700,11
22701,10
22702,7
22703,11
22704,9
22705,8
22706,9
22707,7
22708,7
22709,6
22710,11
22711,4
22712,10
22713,15
22714,9
22715,8
22716,13
22717,11
22718,10
22719,8
22720,16
22721,11
22722,11
22723,7
22724,9
22725,9
22726,10
22727,17
22728,9
22729,11
22730,9
22731,10
22732,11
22733,14
22734,9
22735,10
22736,17
22737,10
22738,10
22739,7
22740,8
22741,7
22742,8
22743,11
22744,9
22745,6
22746,8
22747,11
22748,10
22749,9
22750,8
22751,12
22752,5
22753,7
22754,9
22755,7
22756,8
22757,9
22758,6
22759,13
22760,11
22761,10
22762,5
22763,10
22764,12
22765,9
22766,5
22767,11
22768,10
22769,9
22770,15
22771,9
22772,17
22773,10
22774,11
22775,9
22776,7
22777,6
22778,7
22779,7
22780,10
22781,9
22782,10
22783,10
22784,10
22785,12
22786,10
22787,8
22788,10
22789,7
22790,9
22791,11
22792,8
22793,10
22794,10
22795,6
22796,9
22797,7
22798,15
22799,11
22800,11
22801,7
22802,11
22803,9
22804,13
22805,5
22806,8
22807,7
22808,11
22809,11
22810,6
22811,9
22812,5
22813,8
22814,11
22815,12
22816,8
22817,10
22818,11
22819,10
22820,7
22821,12
22822,9
22823,8
22824,11
22825,17
22826,10
22827,15
22828,4
22829,10
22830,9
22831,7
22832,4
22833,11
22834,17
22835,10
22836,8
22837,15
22838,6
22839,13
22840,8
22841,11
22842,7
22843,13
22844,10
22845,8
22846,11
22847,13
22848,11
22849,12
22850,10
22851,10
22852,8
22853,9
22854,12
22855,7
22856,9
22857,9
22858,9
22859,8
22860,9
22861,10
22862,11
22863,5
22864,11
22865,10
22866,8
22867,10
22868,8
22869,7
22870,9
22871,9
22872,10
22873,11
22874,14
22875,11
22876,6
22877,11
22878,7
22879,9
22880,10
22881,7
22882,10
22883,8
22884,13
22885,13
22886,9
22887,12
22888,11
22889,8
22890,6
22891,8
22892,11
22893,7
22894,8
22895,10
22896,14
22897,10
22898,5
22899,5
22900,5
22901,14
22902,9
22903,11
22904,11
22905,12
22906,5
22907,4
22908,10
22909,10
22910,11
22911,10
22912,7
22913,6
22914,8
22915,11
22916,11
22917,8
22918,11
22919,12
22920,13
22921,11
22922,9
22923,10
22924,5
22925,6
22926,9
22927,9
22928,5
22929,7
22930,12
22931,11
22932,7
22933,11
22934,10
22935,8
22936,9
22937,16
22938,10
22939,7
22940,5
22941,11
22942,15
22943,8
22944,7
22945,15
22946,10
22947,11
22948,6
22949,15
22950,10
22951,10
22952,11
22953,8
22954,9
22955,12
22956,12
22957,11
22958,10
22959,15
22960,10
22961,10
22962,8
22963,13
22964,11
22965,10
22966,10
22967,8
22968,14
22969,8
22970,11
22971,6
22972,15
22973,14
22974,9
22975,11
22976,9
22977,9
22978,7
22979,11
22980,11
22981,9
22982,10
22983,6
22984,10
22985,11
22986,10
22987,11
22988,11
22989,8
22990,9
22991,10
22992,7
22993,9
22994,7
22995,8
22996,7
22997,10
22998,7
22999,12
23000,5
23001,7
23002,9
23003,6
23004,10
23005,7
23006,11
23007,14
23008,12
23009,9
23010,8
23011,7
23012,8
23013,14
23014,11
23015,5
23016,9
23017,10
23018,12
23019,8
23020,13
23021,10
23022,9
23023,17
23024,13
23025,13
23026,10
23027,8
23028,10
23029,9
23030,15
23031,6
23032,16
23033,12
23034,12
23035,12
23036,7
23037,9
23038,14
23039,7
23040,9
23041,11
23042,7
23043,10
23044,11
23045,6
23046,5
23047,5
23048,10
23049,9
23050,11
23051,10
23052,11
23053,4
23054,14
23055,10
23056,10
23057,5
23058,8
23059,7
23060,18
23061,11
23062,7
23063,8
23064,12
23065,10
23066,6
23067,14
23068,7
23069,13
23070,12
23071,7
23072,10
23073,13
23074,10
23075,10
23076,9
23077,10
23078,9
23079,10
23080,6
23081,9
23082,14
23083,11
23084,12
23085,13
23086,10
23087,6
23088,17
23089,8
23090,7
23091,10
23092,12
23093,7
23094,12
23095,10
23096,7
23097,5
23098,9
23099,11
23100,13
23101,9
23102,8
23103,9
23104,6
23105,10
23106,9
23107,13
23108,11
23109,10
23110,10
23111,8
23112,13
23113,7
23114,16
23115,8
23116,8
23117,13
23118,10
23119,8
23120,14
23121,7
23122,14
23123,8
23124,10
23125,10
23126,7
23127,8
23128,11
23129,5
23130,12
23131,10
23132,12
23133,10
23134,7
23135,7
23136,10
23137,10
23138,9
23139,11
23140,8
23141,10
23142,11
23143,10
23144,6
23145,6
23146,12
23147,13
23148,10
23149,9
23150,8
23151,8
23152,12
23153,6
23154,10
23155,15
23156,15
23157,4
23158,12
23159,7
23160,13
23161,10
23162,12
23163,7
23164,12
23165,9
23166,9
23167,12
23168,11
23169,5
23170,4
23171,6
23172,10
23173,8
23174,7
23175,13
23176,9
23177,10
23178,13
23179,10
23180,7
23181,8
23182,10
23183,8
23184,8
23185,10
23186,11
23187,9
23188,9
23189,10
23190,10
23191,17
23192,14
23193,9
23194,14
23195,10
23196,17
23197,10
23198,11
23199,15
23200,7
23201,13
23202,9
23203,11
23204,4
23205,7
23206,11
23207,10
23208,7
23209,9
23210,6
23211,10
23212,10
23213,10
23214,13
23215,8
23216,14
23217,10
23218,7
23219,15
23220,6
23221,10
23222,9
23223,11
23224,8
23225,9
23226,9
23227,6
23228,9
23229,10
23230,9
23231,15
23232,12
23233,7
23234,14
23235,11
23236,13
23237,9
23238,16
23239,9
23240,7
23241,9
23242,11
23243,6
23244,9
23245,10
23246,5
23247,9
23248,13
23249,11
23250,10
23251,7
23252,8
23253,15
23254,11
23255,9
23256,16
23257,14
23258,10
23259,10
23260,8
23261,12
23262,12
23263,7
23264,11
23265,8
23266,7
23267,6
23268,13
23269,9
23270,6
23271,12
23272,11
23273,11
23274,4
23275,12
23276,6
23277,10
23278,9
23279,10
23280,6
23281,9
23282,10
23283,8
23284,7
23285,9
23286,6
23287,9
23288,11
23289,9
23290,15
23291,12
23292,9
23293,6
23294,13
23295,5
23296,7
23297,10
23298,8
23299,8
23300,15
23301,8
23302,13
23303,5
23304,8
23305,5
23306,10
23307,10
23308,13
23309,8
23310,9
23311,10
23312,10
23313,5
23314,5
23315,15
23316,12
23317,13
23318,17
23319,7
23320,11
23321,6
23322,10
23323,14
23324,8
23325,10
23326,12
23327,10
23328,9
23329,12
23330,7
23331,6
23332,10
23333,10
23334,9
23335,12
23336,12
23337,5
23338,10
23339,13
23340,8
23341,10
23342,11
23343,8
23344,10
23345,14
23346,7
23347,12
23348,7
23349,6
23350,10
23351,10
23352,10
23353,14
23354,10
23355,10
23356,7
23357,9
23358,8
23359,6
23360,11
23361,12
23362,11
23363,9
23364,15
23365,10
23366,10
23367,12
23368,12
23369,9
23370,7
23371,10
23372,6
23373,7
23374,9
23375,8
23376,11
23377,4
23378,10
23379,12
23380,9
23381,11
23382,11
23383,9
23384,18
23385,9
23386,15
23387,8
23388,11
23389,6
23390,12
23391,10
23392,7
23393,9
23394,10
23395,10
23396,12
23397,11
23398,9
23399,12
23400,7
23401,7
23402,17
23403,6
23404,10
23405,7
23406,8
23407,11
23408,15
23409,13
23410,9
23411,8
23412,9
23413,6
23414,6
23415,10
23416,11
23417,12
23418,10
23419,13
23420,13
23421,9
23422,10
23423,8
23424,9
23425,14
23426,8
23427,8
23428,10
23429,9
23430,11
23431,10
23432,11
23433,8
23434,7
23435,11
23436,10
23437,11
23438,6
23439,11
23440,9
23441,11
23442,9
23443,8
23444,11
23445,11
23446,6
23447,13
23448,12
23449,13
23450,11
23451,10
23452,8
23453,9
23454,11
23455,8
23456,11
23457,12
23458,10
23459,10
23460,10
23461,7
23462,12
23463,6
23464,17
23465,10
23466,15
23467,11
23468,6
23469,12
23470,10
23471,11
23472,10
23473,10
23474,13
23475,10
23476,10
23477,11
23478,9
23479,9
23480,6
23481,10
23482,13
23483,7
23484,11
23485,12
23486,9
23487,12
23488,9
23489,13
23490,6
23491,10
23492,10
23493,17
23494,9
23495,7
23496,14
23497,6
23498,9
23499,9
23500,7
23501,13
23502,11
23503,10
23504,12
23505,10
23506,12
23507,11
23508,8
23509,11
23510,9
23511,12
23512,10
23513,4
23514,14
23515,14
23516,9
23517,13
23518,15
23519,8
23520,7
23521,10
23522,7
23523,15
23524,12
23525,11
23526,10
23527,9
23528,10
23529,16
23530,9
23531,9
23532,10
23533,11
23534,12
23535,9
23536,9
23537,16
23538,11
23539,9
23540,10
23541,11
23542,10
23543,7
23544,8
23545,9
23546,10
23547,9
23548,5
23549,8
23550,11
23551,5
23552,7
23553,4
23554,9
23555,11
23556,8
23557,7
23558,10
23559,11
23560,7
23561,10
23562,6
23563,7
23564,14
23565,12
23566,15
23567,7
23568,10
23569,11
23570,11
23571,10
23572,9
23573,9
23574,12
23575,9
23576,6
23577,14
23578,11
23579,11
23580,9
23581,9
23582,6
23583,6
23584,10
23585,7
23586,9
23587,12
23588,11
23589,10
23590,9
23591,9
23592,10
23593,10
23594,9
23595,8
23596,7
23597,8
23598,8
23599,15
23600,8
23601,8
23602,12
23603,9
23604,8
23605,11
23606,7
23607,6
23608,10
23609,13
23610,8
23611,13
23612,11
23613,10
23614,9
23615,16
23616,9
23617,6
23618,10
23619,8
23620,7
23621,14
23622,10
23623,13
23624,10
23625,9
23626,10
23627,12
23628,4
23629,6
23630,6
23631,7
23632,10
23633,9
23634,11
23635,10
23636,11
23637,11
23638,9
23639,11
23640,11
23641,10
23642,17
23643,6
23644,11
23645,8
23646,12
23647,10
23648,14
23649,10
23650,10
23651,4
23652,9
23653,9
23654,12
23655,11
23656,12
23657,11
23658,14
23659,10
23660,18
23661,12
23662,9
23663,13
23664,6
23665,11
23666,10
23667,11
23668,11
23669,9
23670,10
23671,11
23672,10
23673,10
23674,14
23675,9
23676,11
23677,10
23678,13
23679,7
23680,10
23681,9
23682,8
23683,10
23684,10
23685,9
23686,12
23687,9
23688,11
23689,16
23690,10
23691,11
23692,12
23693,7
23694,11
23695,8
23696,9
23697,8
23698,6
23699,10
23700,14
23701,7
23702,12
23703,7
23704,10
23705,6
23706,9
23707,11
23708,8
23709,11
23710,14
23711,12
23712,9
23713,9
23714,9
23715,9
23716,10
23717,10
23718,11
23719,11
23720,13
23721,10
23722,12
23723,11
23724,6
23725,9
23726,7
23727,10
23728,10
23729,12
23730,12
23731,13
23732,7
23733,6
23734,9
23735,16
23736,14
23737,7
23738,8
23739,9
23740,11
23741,7
23742,17
23743,10
23744,7
23745,10
23746,8
23747,10
23748,9
23749,9
23750,9
23751,8
23752,12
23753,11
23754,16
23755,5
23756,8
23757,4
23758,15
23759,4
23760,14
23761,11
23762,9
23763,7
23764,9
23765,7
23766,10
23767,12
23768,10
23769,9
23770,9
23771,5
23772,6
23773,8
23774,10
23775,10
23776,8
23777,11
23778,8
23779,11
23780,7
23781,14
23782,5
23783,7
23784,9
23785,10
23786,9
23787,7
23788,12
23789,7
23790,6
23791,11
23792,10
23793,10
23794,7
23795,12
23796,8
23797,11
23798,8
23799,10
23800,7
23801,11
23802,7
23803,10
23804,10
23805,11
23806,11
23807,12
23808,7
23809,6
23810,9
23811,6
23812,11
23813,12
23814,7
23815,4
23816,12
23817,9
23818,13
23819,11
23820,10
23821,7
23822,9
23823,12
23824,5
23825,16
23826,11
23827,10
23828,11
23829,5
23830,9
23831,8
23832,13
23833,7
23834,14
23835,9
23836,6
23837,11
23838,8
23839,6
23840,9
23841,10
23842,10
23843,10
23844,9
23845,11
23846,11
23847,4
23848,9
23849,9
23850,8
23851,11
23852,8
23853,12
23854,7
23855,10
23856,6
23857,9
23858,10
23859,10
23860,11
23861,12
23862,11
23863,11
23864,7
23865,11
23866,9
23867,9
23868,7
23869,10
23870,6
23871,9
23872,11
23873,11
23874,12
23875,13
23876,9
23877,6
23878,10
23879,8
23880,8
23881,14
23882,15
23883,10
23884,11
23885,9
23886,10
23887,9
23888,10
23889,11
23890,8
23891,8
23892,15
23893,10
23894,7
23895,7
23896,13
23897,7
23898,10
23899,14
23900,11
23901,15
23902,11
23903,7
23904,7
23905,13
23906,10
23907,7
23908,4
23909,10
23910,7
23911,12
23912,9
23913,8
23914,11
23915,7
23916,10
23917,10
23918,9
23919,9
23920,9
23921,7
23922,5
23923,7
23924,9
23925,6
23926,7
23927,13
23928,14
23929,7
23930,8
23931,9
23932,9
23933,9
23934,10
23935,16
23936,7
23937,9
23938,14
23939,8
23940,11
23941,5
23942,11
23943,9
23944,8
23945,7
23946,11
23947,9
23948,5
23949,10
23950,10
23951,11
23952,16
23953,9
23954,4
23955,8
23956,11
23957,12
23958,11
23959,8
23960,11
23961,10
23962,8
23963,10
23964,8
23965,5
23966,9
23967,9
23968,7
23969,7
23970,9
23971,12
23972,7
23973,11
23974,10
23975,4
23976,7
23977,8
23978,10
23979,6
23980,7
23981,15
23982,9
23983,11
23984,11
23985,9
23986,13
23987,9
23988,6
23989,6
23990,10
23991,12
23992,8
23993,7
23994,13
23995,7
23996,10
23997,11
23998,11
23999,9
24000,8
24001,7
24002,13
24003,16
24004,10
24005,12
24006,11
24007,6
24008,9
24009,8
24010,10
24011,5
24012,5
24013,8
24014,9
24015,9
24016,10
24017,9
24018,9
24019,10
24020,12
24021,10
24022,11
24023,10
24024,9
24025,9
24026,10
24027,6
24028,9
24029,14
24030,9
24031,8
24032,12
24033,10
24034,10
24035,9
24036,7
24037,7
24038,6
24039,7
24040,7
24041,10
24042,4
24043,13
24044,11
24045,11
24046,9
24047,4
24048,5
24049,10
24050,14
24051,10
24052,10
24053,7
24054,7
24055,10
24056,16
24057,12
24058,15
24059,14
24060,9
24061,17
24062,9
24063,8
24064,6
24065,11
24066,8
24067,11
24068,9
24069,8
24070,10
24071,9
24072,7
24073,14
24074,11
24075,11
24076,5
24077,9
24078,10
24079,14
24080,6
24081,12
24082,16
24083,12
24084,7
24085,9
24086,7
24087,10
24088,9
24089,11
24090,10
24091,11
24092,13
24093,11
24094,11
24095,12
24096,10
24097,7
24098,8
24099,4
24100,11
24101,13
24102,4
24103,15
24104,7
24105,15
24106,10
24107,5
24108,8
24109,10
24110,15
24111,7
24112,10
24113,5
24114,10
24115,7
24116,13
24117,7
24118,13
24119,9
24120,9
24121,10
24122,12
24123,11
24124,11
24125,10
24126,9
24127,15
24128,10
24129,9
24130,7
24131,11
24132,16
24133,8
24134,12
24135,11
24136,9
24137,7
24138,7
24139,11
24140,10
24141,9
24142,10
24143,10
24144,10
24145,11
24146,14
24147,8
24148,7
24149,5
24150,10
24151,12
24152,7
24153,9
24154,8
24155,10
24156,10
24157,13
24158,10
24159,9
24160,9
24161,9
24162,9
24163,6
24164,9
24165,7
24166,12
24167,9
24168,12
24169,12
24170,10
24171,12
24172,12
24173,10
24174,9
24175,10
24176,13
24177,10
24178,9
24179,12
24180,12
24181,9
24182,10
24183,10
24184,14
24185,9
24186,6
24187,7
24188,11
24189,12
24190,13
24191,9
24192,12
24193,14
24194,11
24195,4
24196,7
24197,11
24198,10
24199,10
24200,12
24201,9
24202,5
24203,6
24204,9
24205,9
24206,10
24207,7
24208,9
24209,6
24210,6
24211,15
24212,9
24213,4
24214,8
24215,9
24216,8
24217,8
24218,15
24219,9
24220,9
24221,15
24222,13
24223,8
24224,12
24225,12
24226,10
24227,12
24228,10
24229,9
24230,10
24231,7
24232,9
24233,11
24234,14
24235,6
24236,10
24237,14
24238,8
24239,12
24240,10
24241,9
24242,9
24243,11
24244,9
24245,6
24246,7
24247,11
24248,10
24249,12
24250,12
24251,10
24252,10
24253,10
24254,11
24255,8
24256,13
24257,6
24258,6
24259,10
24260,8
24261,9
24262,5
24263,7
24264,13
24265,8
24266,7
24267,10
24268,6
24269,7
24270,8
24271,6
24272,10
24273,10
24274,6
24275,7
24276,11
24277,8
24278,9
24279,10
24280,9
24281,9
24282,10
24283,17
24284,4
24285,8
24286,11
24287,11
24288,9
24289,16
24290,6
24291,9
24292,10
24293,9
24294,12
24295,8
24296,9
24297,10
24298,10
24299,9
24300,10
24301,7
24302,7
24303,6
24304,9
24305,10
24306,10
24307,9
24308,12
24309,11
24310,7
24311,7
24312,10
24313,6
24314,10
24315,9
24316,12
24317,9
24318,7
24319,9
24320,6
24321,11
24322,8
24323,6
24324,9
24325,10
24326,9
24327,9
24328,13
24329,12
24330,9
24331,14
24332,12
24333,5
24334,11
24335,10
24336,13
24337,10
24338,7
24339,7
24340,10
24341,11
24342,5
24343,14
24344,10
24345,8
24346,11
24347,7
24348,11
24349,11
24350,8
24351,14
24352,10
24353,11
24354,12
24355,15
24356,9
24357,9
24358,14
24359,11
24360,9
24361,9
24362,8
24363,10
24364,15
24365,13
24366,10
24367,6
24368,8
24369,10
24370,7
24371,6
24372,16
24373,13
24374,8
24375,5
24376,9
24377,18
24378,7
24379,8
24380,10
24381,6
24382,4
24383,9
24384,11
24385,10
24386,6
24387,11
24388,6
24389,15
24390,10
24391,14
24392,12
24393,9
24394,12
24395,6
24396,11
24397,7
24398,13
24399,10
24400,11
24401,11
24402,9
24403,17
24404,11
24405,7
24406,10
24407,4
24408,12
24409,9
24410,10
24411,7
24412,11
24413,14
24414,9
24415,4
24416,10
24417,10
24418,6
24419,9
24420,9
24421,9
24422,9
24423,11
24424,14
24425,9
24426,13
24427,6
24428,10
24429,10
24430,9
24431,7
24432,9
24433,6
24434,9
24435,10
24436,13
24437,7
24438,12
24439,7
24440,12
24441,6
24442,5
24443,9
24444,4
24445,6
24446,11
24447,9
24448,10
24449,10
24450,8
24451,13
24452,10
24453,11
24454,17
24455,13
24456,8
24457,7
24458,8
24459,11
24460,10
24461,9
24462,10
24463,7
24464,7
24465,10
24466,10
24467,10
24468,10
24469,10
24470,5
24471,6
24472,6
24473,11
24474,11
24475,11
24476,17
24477,7
24478,10
24479,12
24480,8
24481,12
24482,12
24483,10
24484,6
24485,10
24486,8
24487,11
24488,10
24489,9
24490,9
24491,9
24492,10
24493,11
24494,9
24495,15
24496,17
24497,11
24498,11
24499,5
24500,11
24501,6
24502,7
24503,10
24504,7
24505,10
24506,11
24507,8
24508,8
24509,9
24510,9
24511,8
24512,9
24513,10
24514,9
24515,9
24516,8
24517,10
24518,11
24519,10
24520,11
24521,9
24522,10
24523,13
24524,10
24525,4
24526,9
24527,11
24528,8
24529,12
24530,10
24531,7
24532,10
24533,11
24534,12
24535,7
24536,15
24537,11
24538,11
24539,9
24540,8
24541,14
24542,11
24543,8
24544,18
24545,10
24546,7
24547,12
24548,15
24549,17
24550,8
24551,9
24552,8
24553,8
24554,11
24555,14
24556,10
24557,10
24558,15
24559,5
24560,9
24561,11
24562,9
24563,6
24564,12
24565,9
24566,9
24567,9
24568,10
24569,8
24570,10
24571,14
24572,10
24573,6
24574,10
24575,9
24576,7
24577,11
24578,7
24579,17
24580,7
24581,8
24582,9
24583,10
24584,9
24585,9
24586,7
24587,13
24588,12
24589,10
24590,10
24591,10
24592,9
24593,9
24594,12
24595,11
24596,6
24597,12
24598,16
24599,6
24600,8
24601,9
24602,15
24603,11
24604,10
24605,7
24606,10
24607,9
24608,6
24609,16
24610,9
24611,6
24612,7
24613,9
24614,6
24615,7
24616,10
24617,11
24618,10
24619,11
24620,13
24621,9
24622,5
24623,7
24624,8
24625,11
24626,9
24627,10
24628,10
24629,5
24630,14
24631,9
24632,6
24633,6
24634,8
24635,11
24636,10
24637,9
24638,9
24639,7
24640,5
24641,11
24642,10
24643,9
24644,9
24645,8
24646,9
24647,9
24648,13
24649,9
24650,6
24651,11
24652,10
24653,8
24654,11
24655,8
24656,8
24657,9
24658,9
24659,9
24660,7
24661,11
24662,8
24663,12
24664,9
24665,10
24666,9
24667,11
24668,10
24669,14
24670,12
24671,8
24672,7
24673,6
24674,11
24675,6
24676,9
24677,7
24678,10
24679,7
24680,12
24681,8
24682,9
24683,11
24684,10
24685,11
24686,9
24687,10
24688,8
24689,10
24690,14
24691,9
24692,7
24693,6
24694,4
24695,9
24696,11
24697,14
24698,7
24699,7
24700,9
24701,11
24702,11
24703,9
24704,8
24705,11
24706,9
24707,11
24708,5
24709,15
24710,10
24711,10
24712,5
24713,7
24714,7
24715,8
24716,14
24717,11
24718,13
24719,8
24720,10
24721,7
24722,7
24723,7
24724,7
24725,11
24726,14
24727,11
24728,9
24729,9
24730,10
24731,7
24732,7
24733,7
24734,13
24735,8
24736,10
24737,8
24738,10
24739,10
24740,8
24741,8
24742,8
24743,9
24744,7
24745,9
24746,11
24747,8
24748,9
24749,9
24750,8
24751,7
24752,11
24753,4
24754,9
24755,6
24756,11
24757,9
24758,9
24759,10
24760,11
24761,7
24762,11
24763,11
24764,6
24765,6
24766,10
24767,10
24768,10
24769,6
24770,9
24771,11
24772,9
24773,7
24774,9
24775,10
24776,10
24777,5
24778,10
24779,9
24780,10
24781,11
24782,13
24783,11
24784,10
24785,12
24786,9
24787,9
24788,11
24789,14
24790,9
24791,7
24792,11
24793,9
24794,7
24795,7
24796,10
24797,6
24798,10
24799,8
24800,9
24801,7
24802,6
24803,14
24804,9
24805,6
24806,11
24807,11
24808,10
24809,7
24810,8
24811,11
24812,10
24813,7
24814,8
24815,8
24816,4
24817,7
24818,8
24819,15
24820,10
24821,11
24822,6
24823,10
24824,10
24825,12
24826,7
24827,11
24828,6
24829,6
24830,6
24831,5
24832,11
24833,7
24834,9
24835,10
24836,10
24837,11
24838,13
24839,9
24840,15
24841,10
24842,11
24843,8
24844,5
24845,9
24846,6
24847,12
24848,8
24849,10
24850,4
24851,10
24852,8
24853,11
24854,11
24855,10
24856,12
24857,10
24858,8
24859,10
24860,7
24861,7
24862,9
24863,8
24864,13
24865,11
24866,14
24867,11
24868,11
24869,5
24870,8
24871,11
24872,11
24873,11
24874,8
24875,7
24876,16
24877,9
24878,11
24879,8
24880,13
24881,7
24882,9
24883,8
24884,13
24885,9
24886,16
24887,11
24888,8
24889,11
24890,6
24891,10
24892,12
24893,5
24894,10
24895,10
24896,9
24897,8
24898,5
24899,13
24900,11
24901,13
24902,12
24903,11
24904,6
24905,17
24906,9
24907,12
24908,7
24909,11
24910,8
24911,16
24912,11
24913,14
24914,10
24915,8
24916,11
24917,6
24918,8
24919,16
24920,7
24921,14
24922,11
24923,6
24924,10
24925,14
24926,12
24927,10
24928,10
24929,10
24930,9
24931,6
24932,6
24933,9
24934,10
24935,11
24936,11
24937,7
24938,7
24939,9
24940,16
24941,14
24942,15
24943,12
24944,11
24945,10
24946,9
24947,11
24948,12
24949,11
24950,9
24951,5
24952,10
24953,9
24954,7
24955,14
24956,10
24957,10
24958,15
24959,7
24960,6
24961,6
24962,11
24963,7
24964,10
24965,10
24966,11
24967,12
24968,17
24969,10
24970,10
24971,11
24972,10
24973,9
24974,12
24975,11
24976,11
24977,14
24978,7
24979,10
24980,13
24981,10
24982,10
24983,10
24984,7
24985,16
24986,12
24987,12
24988,11
24989,10
24990,11
24991,13
24992,11
24993,9
24994,6
24995,10
24996,10
24997,11
24998,10
24999,9
